model	audit_index	audit_id	subset	subset_index	qpt_ang	roo_ang	dft_energy_ev	model_energy_ev	energy_error_ev	energy_abs_error_ev	force_component_rmse_ev_ang	force_component_mae_ev_ang	force_component_max_abs_ev_ang	force_vector_rmse_ev_ang	force_vector_max_ev_ang	mv_grade	energy_error_mev	energy_abs_error_mev	is_transition_region	is_neb_endpoint
basin	1	audit_basin_01	basin12	1	-0.4764190052584911	2.4999033669989337	-1949.724755126669	-1949.724784251248	-2.9124578986738925e-05	2.9124578986738925e-05	0.003328061833604815	0.0025035215174480023	0.011177262935711073	0.0057643721865343785	0.012076810026676479	160.820193	-0.02912457898673892	0.02912457898673892	False	False
basin	2	audit_basin_02	basin12	2	-0.4902536327076632	2.507700703097358	-1949.71572652477	-1949.715861677311	-0.00013515254113372066	0.00013515254113372066	0.0061764219465464025	0.004767437425835679	0.015082878649950837	0.010697876620401834	0.015487363678586311	276.875178	-0.1351525411337207	0.1351525411337207	False	False
basin	3	audit_basin_03	basin12	3	-0.4633673856210221	2.4941392386831116	-1949.718531610521	-1949.718721191657	-0.00018958113605549443	0.00018958113605549443	0.006895425018499635	0.005230552350165104	0.01919985548257161	0.011943226471822934	0.01948838042797864	243.092475	-0.1895811360554944	0.1895811360554944	False	False
basin	4	audit_basin_04	basin12	4	-0.48006167155889146	2.510527235574674	-1949.725704667992	-1949.725712052607	-7.384614946204238e-06	7.384614946204238e-06	0.0020297595753920516	0.0017174529241988628	0.0032213204596863096	0.0035156467117284642	0.004707124653423619	62.629939	-0.007384614946204238	0.007384614946204238	False	False
basin	5	audit_basin_05	basin12	5	-0.5055483774789089	2.4945697174636146	-1949.725381260667	-1949.725388927974	-7.66730704526708e-06	7.66730704526708e-06	0.002780067795969651	0.0021327713851154394	0.006826242877969221	0.004815218671105463	0.007005092732118332	183.696274	-0.00766730704526708	0.00766730704526708	False	False
basin	6	audit_basin_06	basin12	6	-0.47437837689064843	2.4993186818879365	-1949.727408372885	-1949.727397529362	1.0843523114090203e-05	1.0843523114090203e-05	0.0019019299383912422	0.0015652096005290587	0.0038857834830149096	0.003294239285729977	0.004794137195429571	33.476429	0.0108435231140902	0.0108435231140902	False	False
basin	7	audit_basin_07	basin12	7	0.48408200274329527	2.498077314046794	-1949.725416907583	-1949.725285626532	0.0001312810509261908	0.0001312810509261908	0.003140576981551396	0.002186592072602789	0.009974059780889805	0.005439638897128322	0.010154580079255762	114.545108	0.1312810509261908	0.1312810509261908	False	False
basin	8	audit_basin_08	basin12	8	0.47520910025480156	2.504622561144449	-1949.715262026406	-1949.715061693562	0.00020033284408782492	0.00020033284408782492	0.003104761130914931	0.002618067308852637	0.005966899968789172	0.005377604024109667	0.008780418400346839	451.651071	0.2003328440878249	0.2003328440878249	False	False
basin	9	audit_basin_09	basin12	9	0.4863264790996906	2.508119780203724	-1949.717809828501	-1949.717802598665	7.2298360009881435e-06	7.2298360009881435e-06	0.004672278230364277	0.0038029148575716588	0.009367762593884166	0.008092623282088932	0.01258326565528632	184.111709	0.007229836000988143	0.007229836000988143	False	False
basin	10	audit_basin_10	basin12	10	0.4833723172307145	2.512974805452413	-1949.725760995562	-1949.725658824606	0.00010217095609732496	0.00010217095609732496	0.003057955987375013	0.00233109106693787	0.007993683577539726	0.005296535137442975	0.008146858262436775	144.662588	0.102170956097325	0.102170956097325	False	False
basin	11	audit_basin_11	basin12	11	0.5012149786055677	2.495251874252846	-1949.726274066249	-1949.726177144028	9.692222101875814e-05	9.692222101875814e-05	0.002746785283509691	0.0017804476126534864	0.009473894708804095	0.004757571668521268	0.009741684421192411	40.163451	0.09692222101875814	0.09692222101875814	False	False
basin	12	audit_basin_12	basin12	12	0.48415892347079126	2.4961891153018123	-1949.727911783531	-1949.727805239376	0.00010654415495991998	0.00010654415495991998	0.0017906010162145247	0.001374163670934054	0.004634783586207378	0.0031014119361680204	0.004878310421100099	21.911523	0.10654415495992	0.10654415495992	False	False
basin	13	audit_neb_01	neb9	1	-0.483891404936579	2.499240410496781	-1949.728382132342	-1949.728391142756	-9.010414032672998e-06	9.010414032672998e-06	0.0008856729293597531	0.0004993089017105312	0.0028326450320644188	0.0015340305125394536	0.0028328554674782102	0.995678	-0.009010414032672998	0.009010414032672998	False	True
basin	14	audit_neb_02	neb9	2	-0.3880116402035043	2.457733604381563	-1949.724562470055	-1949.727565263219	-0.003002793164114337	0.003002793164114337	0.0299774092702687	0.02004597808530857	0.08274854001403939	0.05192239593539164	0.09532942221215641	1468.59711	-3.002793164114337	3.002793164114337	False	False
basin	15	audit_neb_03	neb9	3	-0.26005757218361825	2.418006217548474	-1949.711683320944	-1949.728248280674	-0.01656495972997618	0.01656495972997618	0.1018671594212366	0.06532324783911889	0.3239485913718405	0.17643909574030045	0.35224030536530954	6678.371548	-16.56495972997618	16.56495972997618	False	False
basin	16	audit_neb_04	neb9	4	-0.12782328092162376	2.396677189257832	-1949.697951094875	-1949.730646562991	-0.0326954681161169	0.0326954681161169	0.16737872268126505	0.10127559275067641	0.5349064495726793	0.2899084517899323	0.5876916134157196	12264.498273	-32.6954681161169	32.6954681161169	True	False
basin	17	audit_neb_05	neb9	5	-0.0001802773458876583	2.3901218509287707	-1949.692417387368	-1949.731892357029	-0.03947496966088693	0.03947496966088693	0.19220428673837836	0.1109283210917227	0.5945792661621043	0.33290759006340825	0.6582249042858692	14500.8526	-39.47496966088693	39.47496966088693	True	False
basin	18	audit_neb_06	neb9	6	0.127509294253904	2.3966462931823207	-1949.697962931828	-1949.730651760044	-0.03268882821612351	0.03268882821612351	0.16750274562942535	0.09997676913935455	0.4926966312480291	0.29012326583745035	0.5887091554029971	12274.708906	-32.68882821612351	32.68882821612351	True	False
basin	19	audit_neb_07	neb9	7	0.25985898147464837	2.4179600350308545	-1949.711732845667	-1949.728253542017	-0.01652069634997133	0.01652069634997133	0.1019902363879698	0.06525852579589182	0.2840990840826645	0.1766522712999238	0.35326783371904014	6687.689732	-16.52069634997133	16.52069634997133	False	False
basin	20	audit_neb_08	neb9	8	0.38797642164204493	2.457715242769816	-1949.724656077223	-1949.727566635555	-0.002910558331905122	0.002910558331905122	0.02999966033793964	0.02029176957184377	0.08299689081425156	0.05196093591512037	0.0948486216026297	1469.980084	-2.910558331905122	2.910558331905122	False	False
basin	21	audit_neb_09	neb9	9	0.48377945579573045	2.4990582628674685	-1949.728489481261	-1949.728391623042	9.785821907826175e-05	9.785821907826175e-05	0.0008916741801577277	0.0006029058377869707	0.0020581457019718478	0.001544424983830509	0.0027244956165303562	1.0	0.09785821907826175	0.09785821907826175	False	True
targeted	1	audit_basin_01	basin12	1	-0.4764190052584911	2.4999033669989337	-1949.724755126669	-1949.725105627025	-0.0003505003560348996	0.0003505003560348996	0.003486144404974215	0.0027780057979413745	0.010456262935711074	0.0060381792319373125	0.012554420307601653	295.13707	-0.3505003560348996	0.3505003560348996	False	False
targeted	2	audit_basin_02	basin12	2	-0.4902536327076632	2.507700703097358	-1949.71572652477	-1949.71589857314	-0.00017204837013196084	0.00017204837013196084	0.006458125825052937	0.004281988293423922	0.02105956303422707	0.011185802050664361	0.023059638338586097	871.164892	-0.1720483701319608	0.1720483701319608	False	False
targeted	3	audit_basin_03	basin12	3	-0.4633673856210221	2.4941392386831116	-1949.718531610521	-1949.71885615616	-0.00032454563893224986	0.00032454563893224986	0.006572897559272719	0.004945179707394138	0.018092735605187427	0.011384592525605815	0.01817734087556203	466.230911	-0.3245456389322499	0.3245456389322499	False	False
targeted	4	audit_basin_04	basin12	4	-0.48006167155889146	2.510527235574674	-1949.725704667992	-1949.726020532918	-0.00031586492605129024	0.00031586492605129024	0.0036974060162442623	0.0027456312815871	0.00994328018640031	0.0064040950763459	0.011895224596819534	122.811495	-0.3158649260512902	0.3158649260512902	False	False
targeted	5	audit_basin_05	basin12	5	-0.5055483774789089	2.4945697174636146	-1949.725381260667	-1949.725767914829	-0.0003866541619572672	0.0003866541619572672	0.004512257030959226	0.0034107606747539117	0.0093978508912895	0.007815458434431273	0.010396695845279412	337.381367	-0.3866541619572672	0.3866541619572672	False	False
targeted	6	audit_basin_06	basin12	6	-0.47437837689064843	2.4993186818879365	-1949.727408372885	-1949.727739258908	-0.0003308860229935817	0.0003308860229935817	0.0033112212311007245	0.0025476090403828452	0.007439204793846448	0.005735203407367222	0.008197376446580437	55.26369	-0.3308860229935817	0.3308860229935817	False	False
targeted	7	audit_basin_07	basin12	7	0.48408200274329527	2.498077314046794	-1949.725416907583	-1949.725668586294	-0.0002516787110380392	0.0002516787110380392	0.003991611019374886	0.003224698382605727	0.009510908484703318	0.006913673089609102	0.010487533267166579	246.342505	-0.2516787110380392	0.2516787110380392	False	False
targeted	8	audit_basin_08	basin12	8	0.47520910025480156	2.504622561144449	-1949.715262026406	-1949.715473777303	-0.00021175089705138816	0.00021175089705138816	0.004986111641139701	0.003964854774630631	0.010367448064573237	0.008636198694664598	0.010713327561312538	414.242381	-0.2117508970513882	0.2117508970513882	False	False
targeted	9	audit_basin_09	basin12	9	0.4863264790996906	2.508119780203724	-1949.717809828501	-1949.717996796641	-0.00018696814004215412	0.00018696814004215412	0.0052598391784429	0.004120249170439293	0.012494132515091794	0.009110308696704445	0.013145831226545605	310.754952	-0.1869681400421541	0.1869681400421541	False	False
targeted	10	audit_basin_10	basin12	10	0.4833723172307145	2.512974805452413	-1949.725760995562	-1949.726046113622	-0.00028511805999187345	0.00028511805999187345	0.00439887498011364	0.0031604940336027124	0.011625337654378481	0.007619074961700359	0.012728176020829193	312.222428	-0.2851180599918735	0.2851180599918735	False	False
targeted	11	audit_basin_11	basin12	11	0.5012149786055677	2.495251874252846	-1949.726274066249	-1949.726517487723	-0.00024342147389688762	0.00024342147389688762	0.003990383821480668	0.0028719652397302137	0.011270894708804095	0.006911547520505375	0.01192058341375279	172.293123	-0.2434214738968876	0.2434214738968876	False	False
targeted	12	audit_basin_12	basin12	12	0.48415892347079126	2.4961891153018123	-1949.727911783531	-1949.728164830719	-0.0002530471879254037	0.0002530471879254037	0.0027051393002747565	0.0021119595670155357	0.0069158973654688295	0.0046854387096272	0.007005185057237223	140.831295	-0.2530471879254037	0.2530471879254037	False	False
targeted	13	audit_neb_01	neb9	1	-0.483891404936579	2.499240410496781	-1949.728382132342	-1949.728730403689	-0.0003482713470930321	0.0003482713470930321	0.0018352828086580207	0.0012462139196300934	0.003858003387691833	0.003178803070853402	0.004390199230899023	1.0	-0.3482713470930321	0.3482713470930321	False	True
targeted	14	audit_neb_02	neb9	2	-0.3880116402035043	2.457733604381563	-1949.724562470055	-1949.72511663672	-0.0005541666650970001	0.0005541666650970001	0.020478873177397904	0.013920217313679912	0.05515777354452761	0.035470448825012664	0.061333272866055	1304.85148	-0.5541666650970001	0.5541666650970001	False	False
targeted	15	audit_neb_03	neb9	3	-0.26005757218361825	2.418006217548474	-1949.711683320944	-1949.712547355547	-0.0008640346029551438	0.0008640346029551438	0.05369943362073181	0.031703118940454036	0.1762064668510952	0.09301014736877987	0.17633384553862358	5497.731726	-0.8640346029551438	0.8640346029551438	False	False
targeted	16	audit_neb_04	neb9	4	-0.12782328092162376	2.396677189257832	-1949.697951094875	-1949.700958205467	-0.003007110592079698	0.003007110592079698	0.07617145807032602	0.044413405878767936	0.24930460139531702	0.13193283546440707	0.2523000712562955	10320.920456	-3.007110592079698	3.007110592079698	True	False
targeted	17	audit_neb_05	neb9	5	-0.0001802773458876583	2.3901218509287707	-1949.692417387368	-1949.696759635359	-0.004342247990962278	0.004342247990962278	0.08336945456437118	0.04808619174481428	0.2618571691738668	0.14440013110479594	0.26237121824556947	12326.803231	-4.342247990962278	4.342247990962278	True	False
targeted	18	audit_neb_06	neb9	6	0.127509294253904	2.3966462931823207	-1949.697962931828	-1949.700933723718	-0.002970791889993052	0.002970791889993052	0.07629800626655049	0.04606843589180959	0.2483188125075345	0.13215202336987403	0.25278079780811313	10330.939593	-2.970791889993052	2.970791889993052	True	False
targeted	19	audit_neb_07	neb9	7	0.25985898147464837	2.4179600350308545	-1949.711732845667	-1949.71251961031	-0.0007867646429531305	0.0007867646429531305	0.05390746414116557	0.0349323192076647	0.164341035046333	0.09337046679969613	0.1770551699060369	5507.802114	-0.7867646429531305	0.7867646429531305	False	False
targeted	20	audit_neb_08	neb9	8	0.38797642164204493	2.457715242769816	-1949.724656077223	-1949.725108562114	-0.0004524848909568391	0.0004524848909568391	0.02067875894884958	0.015172653043536884	0.044600704235811306	0.035816661136877065	0.062097884543003225	1307.418227	-0.4524848909568391	0.4524848909568391	False	False
targeted	21	audit_neb_09	neb9	9	0.48377945579573045	2.4990582628674685	-1949.728489481261	-1949.728731335648	-0.00024185438701351814	0.00024185438701351814	0.00193785570647821	0.001319751448671069	0.005130708757354877	0.0033564645413575404	0.005280745541130336	0.996587	-0.2418543870135181	0.2418543870135181	False	True
