coverage_index	dataset_group	source_id	side	subset	qpt_ang	roo_ang	dft_energy_ev	maximum_atomic_force_ev_ang	selection_mv_grade	basin_model_mv_grade	targeted_model_mv_grade	is_frozen_audit	in_basin60	in_targeted60	source_version	source_file
1	common36	seed_v001_basin_L_s012_r01	left	training_common	-0.526882269072313	2.4852668702435277	-1949.686676737269	1.2882430658523354				False	True	True	v018	${PROJECT_ROOT}/09_strict_comparison/versions/v018_common36_l12_protocol_recovery/attempt_20260716T092559Z/reports/common36_l12_training_errors_v018.tsv
2	common36	seed_v001_basin_L_s018_r02	left	training_common	-0.5233162829000022	2.4888216229271913	-1949.657400414977	1.939596357111784				False	True	True	v018	${PROJECT_ROOT}/09_strict_comparison/versions/v018_common36_l12_protocol_recovery/attempt_20260716T092559Z/reports/common36_l12_training_errors_v018.tsv
3	common36	seed_v001_basin_L_s026_r03	left	training_common	-0.4876749007862886	2.490876354152926	-1949.503225734614	4.48327430865569				False	True	True	v018	${PROJECT_ROOT}/09_strict_comparison/versions/v018_common36_l12_protocol_recovery/attempt_20260716T092559Z/reports/common36_l12_training_errors_v018.tsv
4	common36	seed_v001_basin_L_s034_r04	left	training_common	-0.6166278665308802	2.4917994897833626	-1948.604035816442	14.107283124435636				False	True	True	v018	${PROJECT_ROOT}/09_strict_comparison/versions/v018_common36_l12_protocol_recovery/attempt_20260716T092559Z/reports/common36_l12_training_errors_v018.tsv
5	common36	seed_v001_basin_R_s012_r01	right	training_common	0.46914249566155153	2.5183816836002424	-1949.669717376848	2.248948663027606				False	True	True	v018	${PROJECT_ROOT}/09_strict_comparison/versions/v018_common36_l12_protocol_recovery/attempt_20260716T092559Z/reports/common36_l12_training_errors_v018.tsv
6	common36	seed_v001_basin_R_s018_r02	right	training_common	0.4614541051234933	2.4789906787485156	-1949.655284865754	1.8966303918904668				False	True	True	v018	${PROJECT_ROOT}/09_strict_comparison/versions/v018_common36_l12_protocol_recovery/attempt_20260716T092559Z/reports/common36_l12_training_errors_v018.tsv
7	common36	seed_v001_basin_R_s026_r03	right	training_common	0.39138425549451905	2.527348772784985	-1949.432808925628	4.252866417714691				False	True	True	v018	${PROJECT_ROOT}/09_strict_comparison/versions/v018_common36_l12_protocol_recovery/attempt_20260716T092559Z/reports/common36_l12_training_errors_v018.tsv
8	common36	seed_v001_basin_R_s034_r04	right	training_common	0.4007911003095892	2.5174032591130535	-1949.484995738513	3.395345016240622				False	True	True	v018	${PROJECT_ROOT}/09_strict_comparison/versions/v018_common36_l12_protocol_recovery/attempt_20260716T092559Z/reports/common36_l12_training_errors_v018.tsv
9	common36	strict_common_L_pair001	left	training_common	-0.48389140493657434	2.4992404104967836	-1949.728382132342	0.0012704305956648175				False	True	True	v018	${PROJECT_ROOT}/09_strict_comparison/versions/v018_common36_l12_protocol_recovery/attempt_20260716T092559Z/reports/common36_l12_training_errors_v018.tsv
10	common36	strict_common_R_pair001	right	training_common	0.4837794557433883	2.4990582628663427	-1949.728481453902	0.0015837523667577892				False	True	True	v018	${PROJECT_ROOT}/09_strict_comparison/versions/v018_common36_l12_protocol_recovery/attempt_20260716T092559Z/reports/common36_l12_training_errors_v018.tsv
11	common36	strict_common_L_pair002	left	training_common	-0.5006309560041289	2.495015011867383	-1949.709581921641	1.1071587471056688				False	True	True	v018	${PROJECT_ROOT}/09_strict_comparison/versions/v018_common36_l12_protocol_recovery/attempt_20260716T092559Z/reports/common36_l12_training_errors_v018.tsv
12	common36	strict_common_R_pair002	right	training_common	0.4668359375358748	2.4948326435273644	-1949.709388856856	1.336941768990602				False	True	True	v018	${PROJECT_ROOT}/09_strict_comparison/versions/v018_common36_l12_protocol_recovery/attempt_20260716T092559Z/reports/common36_l12_training_errors_v018.tsv
13	common36	strict_common_L_pair003	left	training_common	-0.5215850900641956	2.4992404104967827	-1949.724055521929	0.45644368948104763				False	True	True	v018	${PROJECT_ROOT}/09_strict_comparison/versions/v018_common36_l12_protocol_recovery/attempt_20260716T092559Z/reports/common36_l12_training_errors_v018.tsv
14	common36	strict_common_R_pair003	right	training_common	0.5214718915813741	2.499058262866344	-1949.724143006536	0.45697989410550566				False	True	True	v018	${PROJECT_ROOT}/09_strict_comparison/versions/v018_common36_l12_protocol_recovery/attempt_20260716T092559Z/reports/common36_l12_training_errors_v018.tsv
15	common36	strict_common_L_pair004	left	training_common	-0.48366267461572066	2.479240410496783	-1949.725147378802	0.39752733096624915				False	True	True	v018	${PROJECT_ROOT}/09_strict_comparison/versions/v018_common36_l12_protocol_recovery/attempt_20260716T092559Z/reports/common36_l12_training_errors_v018.tsv
16	common36	strict_common_R_pair004	right	training_common	0.48355063759007866	2.479058262866345	-1949.725228740847	0.3975455145365185				False	True	True	v018	${PROJECT_ROOT}/09_strict_comparison/versions/v018_common36_l12_protocol_recovery/attempt_20260716T092559Z/reports/common36_l12_training_errors_v018.tsv
17	common36	strict_common_L_pair006	left	training_common	-0.47176954160600415	2.492621709433612	-1949.69019829882	1.339754575388874				False	True	True	v018	${PROJECT_ROOT}/09_strict_comparison/versions/v018_common36_l12_protocol_recovery/attempt_20260716T092559Z/reports/common36_l12_training_errors_v018.tsv
18	common36	strict_common_R_pair006	right	training_common	0.49377859745162356	2.4927006858748464	-1949.688198806158	1.5043468233774897				False	True	True	v018	${PROJECT_ROOT}/09_strict_comparison/versions/v018_common36_l12_protocol_recovery/attempt_20260716T092559Z/reports/common36_l12_training_errors_v018.tsv
19	common36	strict_common_L_pair007	left	training_common	-0.4462552673073288	2.4992404104967867	-1949.72466111133	0.36899909546673015				False	True	True	v018	${PROJECT_ROOT}/09_strict_comparison/versions/v018_common36_l12_protocol_recovery/attempt_20260716T092559Z/reports/common36_l12_training_errors_v018.tsv
20	common36	strict_common_R_pair007	right	training_common	0.44614460151478674	2.4990582628663476	-1949.72477063716	0.36857701716412405				False	True	True	v018	${PROJECT_ROOT}/09_strict_comparison/versions/v018_common36_l12_protocol_recovery/attempt_20260716T092559Z/reports/common36_l12_training_errors_v018.tsv
21	common36	strict_common_L_pair008	left	training_common	-0.48282950898717103	2.4981974845290202	-1949.711186577088	1.1392048682963671				False	True	True	v018	${PROJECT_ROOT}/09_strict_comparison/versions/v018_common36_l12_protocol_recovery/attempt_20260716T092559Z/reports/common36_l12_training_errors_v018.tsv
22	common36	strict_common_R_pair008	right	training_common	0.4827186412754729	2.498015919733484	-1949.711268755475	1.1399398072574685				False	True	True	v018	${PROJECT_ROOT}/09_strict_comparison/versions/v018_common36_l12_protocol_recovery/attempt_20260716T092559Z/reports/common36_l12_training_errors_v018.tsv
23	common36	strict_common_L_pair009	left	training_common	-0.49853139762125265	2.5142363350915264	-1949.725810792399	0.34091791534546767				False	True	True	v018	${PROJECT_ROOT}/09_strict_comparison/versions/v018_common36_l12_protocol_recovery/attempt_20260716T092559Z/reports/common36_l12_training_errors_v018.tsv
24	common36	strict_common_R_pair009	right	training_common	0.49841930151061287	2.5140541933702436	-1949.725942223394	0.3398769734466973				False	True	True	v018	${PROJECT_ROOT}/09_strict_comparison/versions/v018_common36_l12_protocol_recovery/attempt_20260716T092559Z/reports/common36_l12_training_errors_v018.tsv
25	common36	strict_common_L_pair010	left	training_common	-0.5110359800361479	2.502147892033781	-1949.69349999237	1.1767422483811978				False	True	True	v018	${PROJECT_ROOT}/09_strict_comparison/versions/v018_common36_l12_protocol_recovery/attempt_20260716T092559Z/reports/common36_l12_training_errors_v018.tsv
26	common36	strict_common_R_pair010	right	training_common	0.456510890397378	2.502172710904271	-1949.692516572871	1.2923139959968462				False	True	True	v018	${PROJECT_ROOT}/09_strict_comparison/versions/v018_common36_l12_protocol_recovery/attempt_20260716T092559Z/reports/common36_l12_training_errors_v018.tsv
27	common36	strict_common_L_pair011	left	training_common	-0.4841147754042172	2.5192404104967827	-1949.725219216861	0.3753864651403801				False	True	True	v018	${PROJECT_ROOT}/09_strict_comparison/versions/v018_common36_l12_protocol_recovery/attempt_20260716T092559Z/reports/common36_l12_training_errors_v018.tsv
28	common36	strict_common_R_pair011	right	training_common	0.48400291186687827	2.519058262866346	-1949.725334729196	0.37546032910241867				False	True	True	v018	${PROJECT_ROOT}/09_strict_comparison/versions/v018_common36_l12_protocol_recovery/attempt_20260716T092559Z/reports/common36_l12_training_errors_v018.tsv
29	common36	strict_common_L_pair012	left	training_common	-0.4838839743207679	2.4992404104967845	-1949.727055305148	0.10104362463353175				False	True	True	v018	${PROJECT_ROOT}/09_strict_comparison/versions/v018_common36_l12_protocol_recovery/attempt_20260716T092559Z/reports/common36_l12_training_errors_v018.tsv
30	common36	strict_common_R_pair012	right	training_common	0.48377203268035407	2.499058262866341	-1949.727154898822	0.10102397437644617				False	True	True	v018	${PROJECT_ROOT}/09_strict_comparison/versions/v018_common36_l12_protocol_recovery/attempt_20260716T092559Z/reports/common36_l12_training_errors_v018.tsv
31	common36	strict_common_L_pair013	left	training_common	-0.48521368777040297	2.5006309785451335	-1949.700312635031	1.3346364725265047				False	True	True	v018	${PROJECT_ROOT}/09_strict_comparison/versions/v018_common36_l12_protocol_recovery/attempt_20260716T092559Z/reports/common36_l12_training_errors_v018.tsv
32	common36	strict_common_R_pair013	right	training_common	0.4851003087035586	2.500448053802045	-1949.700431684845	1.333831153546455				False	True	True	v018	${PROJECT_ROOT}/09_strict_comparison/versions/v018_common36_l12_protocol_recovery/attempt_20260716T092559Z/reports/common36_l12_training_errors_v018.tsv
33	common36	strict_common_L_pair014	left	training_common	-0.47190304347414447	2.542452839484558	-1949.566823370207	3.4141934694941303				False	True	True	v018	${PROJECT_ROOT}/09_strict_comparison/versions/v018_common36_l12_protocol_recovery/attempt_20260716T092559Z/reports/common36_l12_training_errors_v018.tsv
34	common36	strict_common_R_pair014	right	training_common	0.494574288216012	2.5421755556730457	-1949.552840799384	4.177602184888204				False	True	True	v018	${PROJECT_ROOT}/09_strict_comparison/versions/v018_common36_l12_protocol_recovery/attempt_20260716T092559Z/reports/common36_l12_training_errors_v018.tsv
35	common36	strict_common_L_pair015	left	training_common	-0.5498919412331795	2.4992404104967836	-1949.714395343755	0.8629637922370748				False	True	True	v018	${PROJECT_ROOT}/09_strict_comparison/versions/v018_common36_l12_protocol_recovery/attempt_20260716T092559Z/reports/common36_l12_training_errors_v018.tsv
36	common36	strict_common_R_pair015	right	training_common	0.5497778274547733	2.499058262866344	-1949.714472896206	0.8635957099734715				False	True	True	v018	${PROJECT_ROOT}/09_strict_comparison/versions/v018_common36_l12_protocol_recovery/attempt_20260716T092559Z/reports/common36_l12_training_errors_v018.tsv
37	basin24	basin_control_left_001_v001	left	training_basin_added	-0.4967419767802883	2.499664086016266	-1949.7034762307958	1.5312354798867256				False	True	False	v027	${PROJECT_ROOT}/09_strict_comparison/versions/v027_equal_budget_dft_labels48/attempt_20260720T170323Z/reports/basin_control_labels_report_v027.tsv
38	basin24	basin_control_left_002_v001	left	training_basin_added	-0.4543646684780931	2.4949316042808474	-1949.693306519414	1.3123106373261493				False	True	False	v027	${PROJECT_ROOT}/09_strict_comparison/versions/v027_equal_budget_dft_labels48/attempt_20260720T170323Z/reports/basin_control_labels_report_v027.tsv
39	basin24	basin_control_left_003_v001	left	training_basin_added	-0.45556118993402905	2.4982037074575336	-1949.7070924879706	1.1120203680517877				False	True	False	v027	${PROJECT_ROOT}/09_strict_comparison/versions/v027_equal_budget_dft_labels48/attempt_20260720T170323Z/reports/basin_control_labels_report_v027.tsv
40	basin24	basin_control_left_004_v001	left	training_basin_added	-0.4838547391505088	2.499240460709494	-1949.7270735367772	0.13121443876964067				False	True	False	v027	${PROJECT_ROOT}/09_strict_comparison/versions/v027_equal_budget_dft_labels48/attempt_20260720T170323Z/reports/basin_control_labels_report_v027.tsv
41	basin24	basin_control_left_005_v001	left	training_basin_added	-0.47667107079072335	2.5184501437793245	-1949.718454330184	0.6785057326659166				False	True	False	v027	${PROJECT_ROOT}/09_strict_comparison/versions/v027_equal_budget_dft_labels48/attempt_20260720T170323Z/reports/basin_control_labels_report_v027.tsv
42	basin24	basin_control_left_006_v001	left	training_basin_added	-0.5096120836170981	2.49450696682615	-1949.720857367703	0.6007839614759346				False	True	False	v027	${PROJECT_ROOT}/09_strict_comparison/versions/v027_equal_budget_dft_labels48/attempt_20260720T170323Z/reports/basin_control_labels_report_v027.tsv
43	basin24	basin_control_left_007_v001	left	training_basin_added	-0.4807858958125075	2.5073439774257915	-1949.7149252855017	0.6534466067650658				False	True	False	v027	${PROJECT_ROOT}/09_strict_comparison/versions/v027_equal_budget_dft_labels48/attempt_20260720T170323Z/reports/basin_control_labels_report_v027.tsv
44	basin24	basin_control_left_008_v001	left	training_basin_added	-0.4539611276350599	2.4885244907089428	-1949.7008318282801	1.3506486666285553				False	True	False	v027	${PROJECT_ROOT}/09_strict_comparison/versions/v027_equal_budget_dft_labels48/attempt_20260720T170323Z/reports/basin_control_labels_report_v027.tsv
45	basin24	basin_control_left_009_v001	left	training_basin_added	-0.512567603953489	2.5037777948850564	-1949.6786405346256	2.1312992097637777				False	True	False	v027	${PROJECT_ROOT}/09_strict_comparison/versions/v027_equal_budget_dft_labels48/attempt_20260720T170323Z/reports/basin_control_labels_report_v027.tsv
46	basin24	basin_control_left_010_v001	left	training_basin_added	-0.48387737934638775	2.4992580764067984	-1949.7259590944539	0.1726626371710995				False	True	False	v027	${PROJECT_ROOT}/09_strict_comparison/versions/v027_equal_budget_dft_labels48/attempt_20260720T170323Z/reports/basin_control_labels_report_v027.tsv
47	basin24	basin_control_left_011_v001	left	training_basin_added	-0.4871546257101447	2.519329702404957	-1949.7186965115213	0.6615664575173665				False	True	False	v027	${PROJECT_ROOT}/09_strict_comparison/versions/v027_equal_budget_dft_labels48/attempt_20260720T170323Z/reports/basin_control_labels_report_v027.tsv
48	basin24	basin_control_left_012_v001	left	training_basin_added	-0.5102537257708706	2.5001623682928193	-1949.7250046550812	0.29055285054802465				False	True	False	v027	${PROJECT_ROOT}/09_strict_comparison/versions/v027_equal_budget_dft_labels48/attempt_20260720T170323Z/reports/basin_control_labels_report_v027.tsv
49	basin24	basin_control_right_001_v001	right	training_basin_added	0.47981140421190416	2.508610810792196	-1949.7085614946575	0.9284632457113308				False	True	False	v027	${PROJECT_ROOT}/09_strict_comparison/versions/v027_equal_budget_dft_labels48/attempt_20260720T170323Z/reports/basin_control_labels_report_v027.tsv
50	basin24	basin_control_right_002_v001	right	training_basin_added	0.4897699287899355	2.511564284802544	-1949.694400689255	1.4311253093423248				False	True	False	v027	${PROJECT_ROOT}/09_strict_comparison/versions/v027_equal_budget_dft_labels48/attempt_20260720T170323Z/reports/basin_control_labels_report_v027.tsv
51	basin24	basin_control_right_003_v001	right	training_basin_added	0.4622341955021374	2.488696659574476	-1949.7078681485357	1.0988656702111925				False	True	False	v027	${PROJECT_ROOT}/09_strict_comparison/versions/v027_equal_budget_dft_labels48/attempt_20260720T170323Z/reports/basin_control_labels_report_v027.tsv
52	basin24	basin_control_right_004_v001	right	training_basin_added	0.48374054238091846	2.499059623705497	-1949.723538641647	0.292288151531864				False	True	False	v027	${PROJECT_ROOT}/09_strict_comparison/versions/v027_equal_budget_dft_labels48/attempt_20260720T170323Z/reports/basin_control_labels_report_v027.tsv
53	basin24	basin_control_right_005_v001	right	training_basin_added	0.46756096478416787	2.506510891290118	-1949.7239727993144	0.4438935490812975				False	True	False	v027	${PROJECT_ROOT}/09_strict_comparison/versions/v027_equal_budget_dft_labels48/attempt_20260720T170323Z/reports/basin_control_labels_report_v027.tsv
54	basin24	basin_control_right_006_v001	right	training_basin_added	0.4989260798676005	2.4886454679420424	-1949.722575494631	0.48746407888343296				False	True	False	v027	${PROJECT_ROOT}/09_strict_comparison/versions/v027_equal_budget_dft_labels48/attempt_20260720T170323Z/reports/basin_control_labels_report_v027.tsv
55	basin24	basin_control_right_007_v001	right	training_basin_added	0.4710317793401826	2.507353288285364	-1949.7189796459952	0.6580463843990488				False	True	False	v027	${PROJECT_ROOT}/09_strict_comparison/versions/v027_equal_budget_dft_labels48/attempt_20260720T170323Z/reports/basin_control_labels_report_v027.tsv
56	basin24	basin_control_right_008_v001	right	training_basin_added	0.4494864695020748	2.519598219982159	-1949.6898369316107	1.3166418652432894				False	True	False	v027	${PROJECT_ROOT}/09_strict_comparison/versions/v027_equal_budget_dft_labels48/attempt_20260720T170323Z/reports/basin_control_labels_report_v027.tsv
57	basin24	basin_control_right_009_v001	right	training_basin_added	0.5109687499453603	2.49495602886665	-1949.720493687526	0.5248586734511285				False	True	False	v027	${PROJECT_ROOT}/09_strict_comparison/versions/v027_equal_budget_dft_labels48/attempt_20260720T170323Z/reports/basin_control_labels_report_v027.tsv
58	basin24	basin_control_right_010_v001	right	training_basin_added	0.4837926864080433	2.499061656695234	-1949.7194440083017	0.48991582642088327				False	True	False	v027	${PROJECT_ROOT}/09_strict_comparison/versions/v027_equal_budget_dft_labels48/attempt_20260720T170323Z/reports/basin_control_labels_report_v027.tsv
59	basin24	basin_control_right_011_v001	right	training_basin_added	0.47811813013537674	2.514046187206647	-1949.72240705615	0.6082484396493111				False	True	False	v027	${PROJECT_ROOT}/09_strict_comparison/versions/v027_equal_budget_dft_labels48/attempt_20260720T170323Z/reports/basin_control_labels_report_v027.tsv
60	basin24	basin_control_right_012_v001	right	training_basin_added	0.5051494998528583	2.497021141386926	-1949.723265711443	0.3519367156779396				False	True	False	v027	${PROJECT_ROOT}/09_strict_comparison/versions/v027_equal_budget_dft_labels48/attempt_20260720T170323Z/reports/basin_control_labels_report_v027.tsv
61	targeted24	tube_l01_in_plane_micro_v001	transition	training_targeted_added	-0.3078364586358735	2.5016504042525614	-1949.649638775222	1.488427258488595	4134.297044			False	False	True	v026+v027	${PROJECT_ROOT}/09_strict_comparison/versions/v026_fresh_tube_active_selection/attempt_20260720T142653Z/reports/targeted_dft_queue_manifest_v026.tsv ; ${PROJECT_ROOT}/09_strict_comparison/versions/v027_equal_budget_dft_labels48/attempt_20260720T170323Z/reports/targeted_labels_report_v027.tsv
62	targeted24	tube_l01_isotropic_micro_v001	transition	training_targeted_added	-0.32619600213496014	2.4953044196067546	-1949.6818766487352	1.167431901513352	2587.734374			False	False	True	v026+v027	${PROJECT_ROOT}/09_strict_comparison/versions/v026_fresh_tube_active_selection/attempt_20260720T142653Z/reports/targeted_dft_queue_manifest_v026.tsv ; ${PROJECT_ROOT}/09_strict_comparison/versions/v027_equal_budget_dft_labels48/attempt_20260720T170323Z/reports/targeted_labels_report_v027.tsv
63	targeted24	tube_l01_out_of_plane_micro_v001	transition	training_targeted_added	-0.33886927648844933	2.4991774087979444	-1949.6914935608052	1.0007526641503757	1708.101463			False	False	True	v026+v027	${PROJECT_ROOT}/09_strict_comparison/versions/v026_fresh_tube_active_selection/attempt_20260720T142653Z/reports/targeted_dft_queue_manifest_v026.tsv ; ${PROJECT_ROOT}/09_strict_comparison/versions/v027_equal_budget_dft_labels48/attempt_20260720T170323Z/reports/targeted_labels_report_v027.tsv
64	targeted24	tube_l02_in_plane_micro_v001	transition	training_targeted_added	-0.27141807482341807	2.49502223129855	-1949.658228729575	1.1076865001621323	2635.032126			False	False	True	v026+v027	${PROJECT_ROOT}/09_strict_comparison/versions/v026_fresh_tube_active_selection/attempt_20260720T142653Z/reports/targeted_dft_queue_manifest_v026.tsv ; ${PROJECT_ROOT}/09_strict_comparison/versions/v027_equal_budget_dft_labels48/attempt_20260720T170323Z/reports/targeted_labels_report_v027.tsv
65	targeted24	tube_l02_isotropic_micro_v001	transition	training_targeted_added	-0.230958899693132	2.496473927196918	-1949.6481928982137	1.4089610111159812	4638.234195			False	False	True	v026+v027	${PROJECT_ROOT}/09_strict_comparison/versions/v026_fresh_tube_active_selection/attempt_20260720T142653Z/reports/targeted_dft_queue_manifest_v026.tsv ; ${PROJECT_ROOT}/09_strict_comparison/versions/v027_equal_budget_dft_labels48/attempt_20260720T170323Z/reports/targeted_labels_report_v027.tsv
66	targeted24	tube_l02_out_of_plane_micro_v001	transition	training_targeted_added	-0.24209640451121084	2.499152956504463	-1949.6549562882649	1.2494949408885998	2742.287728			False	False	True	v026+v027	${PROJECT_ROOT}/09_strict_comparison/versions/v026_fresh_tube_active_selection/attempt_20260720T142653Z/reports/targeted_dft_queue_manifest_v026.tsv ; ${PROJECT_ROOT}/09_strict_comparison/versions/v027_equal_budget_dft_labels48/attempt_20260720T170323Z/reports/targeted_labels_report_v027.tsv
67	targeted24	tube_l03_in_plane_micro_v001	transition	training_targeted_added	-0.139951653746341	2.4935689201692424	-1949.6009967896237	1.7247449403846324	5215.281687			False	False	True	v026+v027	${PROJECT_ROOT}/09_strict_comparison/versions/v026_fresh_tube_active_selection/attempt_20260720T142653Z/reports/targeted_dft_queue_manifest_v026.tsv ; ${PROJECT_ROOT}/09_strict_comparison/versions/v027_equal_budget_dft_labels48/attempt_20260720T170323Z/reports/targeted_labels_report_v027.tsv
68	targeted24	tube_l03_isotropic_micro_v001	transition	training_targeted_added	-0.1339763052647971	2.4977445761104162	-1949.6218294187631	1.4322332235547799	6768.196168			False	False	True	v026+v027	${PROJECT_ROOT}/09_strict_comparison/versions/v026_fresh_tube_active_selection/attempt_20260720T142653Z/reports/targeted_dft_queue_manifest_v026.tsv ; ${PROJECT_ROOT}/09_strict_comparison/versions/v027_equal_budget_dft_labels48/attempt_20260720T170323Z/reports/targeted_labels_report_v027.tsv
69	targeted24	tube_l03_out_of_plane_micro_v001	transition	training_targeted_added	-0.1452840743857131	2.499113406705067	-1949.6286122649556	1.2797568100630423	4359.401761			False	False	True	v026+v027	${PROJECT_ROOT}/09_strict_comparison/versions/v026_fresh_tube_active_selection/attempt_20260720T142653Z/reports/targeted_dft_queue_manifest_v026.tsv ; ${PROJECT_ROOT}/09_strict_comparison/versions/v027_equal_budget_dft_labels48/attempt_20260720T170323Z/reports/targeted_labels_report_v027.tsv
70	targeted24	tube_l04_in_plane_micro_v001	transition	training_targeted_added	-0.0242327751016993	2.49631102143523	-1949.5884444492626	1.4663324269135412	5324.642064			False	False	True	v026+v027	${PROJECT_ROOT}/09_strict_comparison/versions/v026_fresh_tube_active_selection/attempt_20260720T142653Z/reports/targeted_dft_queue_manifest_v026.tsv ; ${PROJECT_ROOT}/09_strict_comparison/versions/v027_equal_budget_dft_labels48/attempt_20260720T170323Z/reports/targeted_labels_report_v027.tsv
71	targeted24	tube_l04_isotropic_micro_v001	transition	training_targeted_added	-0.039556942966967545	2.4888121302093094	-1949.6113764368504	1.2470978897342417	5744.807843			False	False	True	v026+v027	${PROJECT_ROOT}/09_strict_comparison/versions/v026_fresh_tube_active_selection/attempt_20260720T142653Z/reports/targeted_dft_queue_manifest_v026.tsv ; ${PROJECT_ROOT}/09_strict_comparison/versions/v027_equal_budget_dft_labels48/attempt_20260720T170323Z/reports/targeted_labels_report_v027.tsv
72	targeted24	tube_l04_out_of_plane_micro_v001	transition	training_targeted_added	-0.04851811420567054	2.4990979105357187	-1949.6072415306535	1.1712599241087975	5119.775364			False	False	True	v026+v027	${PROJECT_ROOT}/09_strict_comparison/versions/v026_fresh_tube_active_selection/attempt_20260720T142653Z/reports/targeted_dft_queue_manifest_v026.tsv ; ${PROJECT_ROOT}/09_strict_comparison/versions/v027_equal_budget_dft_labels48/attempt_20260720T170323Z/reports/targeted_labels_report_v027.tsv
73	targeted24	tube_l05_in_plane_micro_v001	transition	training_targeted_added	0.06885131817330947	2.5054598846114073	-1949.593836657561	1.1734033368891832	5471.645033			False	False	True	v026+v027	${PROJECT_ROOT}/09_strict_comparison/versions/v026_fresh_tube_active_selection/attempt_20260720T142653Z/reports/targeted_dft_queue_manifest_v026.tsv ; ${PROJECT_ROOT}/09_strict_comparison/versions/v027_equal_budget_dft_labels48/attempt_20260720T170323Z/reports/targeted_labels_report_v027.tsv
74	targeted24	tube_l05_isotropic_micro_v001	transition	training_targeted_added	0.05314677757256647	2.4941347408762824	-1949.6058304842195	1.0527392895579852	4272.257373			False	False	True	v026+v027	${PROJECT_ROOT}/09_strict_comparison/versions/v026_fresh_tube_active_selection/attempt_20260720T142653Z/reports/targeted_dft_queue_manifest_v026.tsv ; ${PROJECT_ROOT}/09_strict_comparison/versions/v027_equal_budget_dft_labels48/attempt_20260720T170323Z/reports/targeted_labels_report_v027.tsv
75	targeted24	tube_l05_out_of_plane_micro_v001	transition	training_targeted_added	0.04831818862365478	2.499077103423982	-1949.6120760415909	1.177455481121468	5344.751921			False	False	True	v026+v027	${PROJECT_ROOT}/09_strict_comparison/versions/v026_fresh_tube_active_selection/attempt_20260720T142653Z/reports/targeted_dft_queue_manifest_v026.tsv ; ${PROJECT_ROOT}/09_strict_comparison/versions/v027_equal_budget_dft_labels48/attempt_20260720T170323Z/reports/targeted_labels_report_v027.tsv
76	targeted24	tube_l06_in_plane_micro_v001	transition	training_targeted_added	0.15839520909197446	2.5033118593107813	-1949.6113267760704	1.2946500409390322	3784.652587			False	False	True	v026+v027	${PROJECT_ROOT}/09_strict_comparison/versions/v026_fresh_tube_active_selection/attempt_20260720T142653Z/reports/targeted_dft_queue_manifest_v026.tsv ; ${PROJECT_ROOT}/09_strict_comparison/versions/v027_equal_budget_dft_labels48/attempt_20260720T170323Z/reports/targeted_labels_report_v027.tsv
77	targeted24	tube_l06_isotropic_micro_v001	transition	training_targeted_added	0.16643692623848327	2.4923451651946196	-1949.630297602163	1.151345156941974	2786.618644			False	False	True	v026+v027	${PROJECT_ROOT}/09_strict_comparison/versions/v026_fresh_tube_active_selection/attempt_20260720T142653Z/reports/targeted_dft_queue_manifest_v026.tsv ; ${PROJECT_ROOT}/09_strict_comparison/versions/v027_equal_budget_dft_labels48/attempt_20260720T170323Z/reports/targeted_labels_report_v027.tsv
78	targeted24	tube_l06_out_of_plane_micro_v001	transition	training_targeted_added	0.14530202520565938	2.4990954087249255	-1949.6230732512283	1.2778288443780648	4388.306507			False	False	True	v026+v027	${PROJECT_ROOT}/09_strict_comparison/versions/v026_fresh_tube_active_selection/attempt_20260720T142653Z/reports/targeted_dft_queue_manifest_v026.tsv ; ${PROJECT_ROOT}/09_strict_comparison/versions/v027_equal_budget_dft_labels48/attempt_20260720T170323Z/reports/targeted_labels_report_v027.tsv
79	targeted24	tube_l07_in_plane_micro_v001	transition	training_targeted_added	0.2479333004456492	2.507748737051223	-1949.630370800792	1.3864909036428066	2553.281541			False	False	True	v026+v027	${PROJECT_ROOT}/09_strict_comparison/versions/v026_fresh_tube_active_selection/attempt_20260720T142653Z/reports/targeted_dft_queue_manifest_v026.tsv ; ${PROJECT_ROOT}/09_strict_comparison/versions/v027_equal_budget_dft_labels48/attempt_20260720T170323Z/reports/targeted_labels_report_v027.tsv
80	targeted24	tube_l07_isotropic_micro_v001	transition	training_targeted_added	0.22640393540716874	2.5031079594731818	-1949.6416111441654	1.266884909882047	2672.0931			False	False	True	v026+v027	${PROJECT_ROOT}/09_strict_comparison/versions/v026_fresh_tube_active_selection/attempt_20260720T142653Z/reports/targeted_dft_queue_manifest_v026.tsv ; ${PROJECT_ROOT}/09_strict_comparison/versions/v027_equal_budget_dft_labels48/attempt_20260720T170323Z/reports/targeted_labels_report_v027.tsv
81	targeted24	tube_l07_out_of_plane_micro_v001	transition	training_targeted_added	0.24212662643952942	2.499069129565247	-1949.6597868535512	1.2433748032487604	2948.180254			False	False	True	v026+v027	${PROJECT_ROOT}/09_strict_comparison/versions/v026_fresh_tube_active_selection/attempt_20260720T142653Z/reports/targeted_dft_queue_manifest_v026.tsv ; ${PROJECT_ROOT}/09_strict_comparison/versions/v027_equal_budget_dft_labels48/attempt_20260720T170323Z/reports/targeted_labels_report_v027.tsv
82	targeted24	tube_l08_in_plane_micro_v001	transition	training_targeted_added	0.35593926828845435	2.484447787483368	-1949.6814899749365	1.5133779127667581	4990.178876			False	False	True	v026+v027	${PROJECT_ROOT}/09_strict_comparison/versions/v026_fresh_tube_active_selection/attempt_20260720T142653Z/reports/targeted_dft_queue_manifest_v026.tsv ; ${PROJECT_ROOT}/09_strict_comparison/versions/v027_equal_budget_dft_labels48/attempt_20260720T170323Z/reports/targeted_labels_report_v027.tsv
83	targeted24	tube_l08_isotropic_micro_v001	transition	training_targeted_added	0.3405753722267586	2.4806053028142143	-1949.693702036913	0.9526487036195668	1364.162782			False	False	True	v026+v027	${PROJECT_ROOT}/09_strict_comparison/versions/v026_fresh_tube_active_selection/attempt_20260720T142653Z/reports/targeted_dft_queue_manifest_v026.tsv ; ${PROJECT_ROOT}/09_strict_comparison/versions/v027_equal_budget_dft_labels48/attempt_20260720T170323Z/reports/targeted_labels_report_v027.tsv
84	targeted24	tube_l08_out_of_plane_micro_v001	transition	training_targeted_added	0.3386072852662194	2.4990731777010864	-1949.692391944722	1.008506215000365	1225.726726			False	False	True	v026+v027	${PROJECT_ROOT}/09_strict_comparison/versions/v026_fresh_tube_active_selection/attempt_20260720T142653Z/reports/targeted_dft_queue_manifest_v026.tsv ; ${PROJECT_ROOT}/09_strict_comparison/versions/v027_equal_budget_dft_labels48/attempt_20260720T170323Z/reports/targeted_labels_report_v027.tsv
85	audit_basin12	audit_basin_01	left	basin12	-0.4764190052584911	2.4999033669989337	-1949.724755126669			160.820193	295.13707	True	False	False	v029	${PROJECT_ROOT}/09_strict_comparison/versions/v029_frozen_audit21_evaluation/attempt_20260722T193925Z/reports/per_configuration_errors_v029.tsv
86	audit_basin12	audit_basin_02	left	basin12	-0.4902536327076632	2.507700703097358	-1949.71572652477			276.875178	871.164892	True	False	False	v029	${PROJECT_ROOT}/09_strict_comparison/versions/v029_frozen_audit21_evaluation/attempt_20260722T193925Z/reports/per_configuration_errors_v029.tsv
87	audit_basin12	audit_basin_03	left	basin12	-0.4633673856210221	2.4941392386831116	-1949.718531610521			243.092475	466.230911	True	False	False	v029	${PROJECT_ROOT}/09_strict_comparison/versions/v029_frozen_audit21_evaluation/attempt_20260722T193925Z/reports/per_configuration_errors_v029.tsv
88	audit_basin12	audit_basin_04	left	basin12	-0.48006167155889146	2.510527235574674	-1949.725704667992			62.629939	122.811495	True	False	False	v029	${PROJECT_ROOT}/09_strict_comparison/versions/v029_frozen_audit21_evaluation/attempt_20260722T193925Z/reports/per_configuration_errors_v029.tsv
89	audit_basin12	audit_basin_05	left	basin12	-0.5055483774789089	2.4945697174636146	-1949.725381260667			183.696274	337.381367	True	False	False	v029	${PROJECT_ROOT}/09_strict_comparison/versions/v029_frozen_audit21_evaluation/attempt_20260722T193925Z/reports/per_configuration_errors_v029.tsv
90	audit_basin12	audit_basin_06	left	basin12	-0.47437837689064843	2.4993186818879365	-1949.727408372885			33.476429	55.26369	True	False	False	v029	${PROJECT_ROOT}/09_strict_comparison/versions/v029_frozen_audit21_evaluation/attempt_20260722T193925Z/reports/per_configuration_errors_v029.tsv
91	audit_basin12	audit_basin_07	right	basin12	0.48408200274329527	2.498077314046794	-1949.725416907583			114.545108	246.342505	True	False	False	v029	${PROJECT_ROOT}/09_strict_comparison/versions/v029_frozen_audit21_evaluation/attempt_20260722T193925Z/reports/per_configuration_errors_v029.tsv
92	audit_basin12	audit_basin_08	right	basin12	0.47520910025480156	2.504622561144449	-1949.715262026406			451.651071	414.242381	True	False	False	v029	${PROJECT_ROOT}/09_strict_comparison/versions/v029_frozen_audit21_evaluation/attempt_20260722T193925Z/reports/per_configuration_errors_v029.tsv
93	audit_basin12	audit_basin_09	right	basin12	0.4863264790996906	2.508119780203724	-1949.717809828501			184.111709	310.754952	True	False	False	v029	${PROJECT_ROOT}/09_strict_comparison/versions/v029_frozen_audit21_evaluation/attempt_20260722T193925Z/reports/per_configuration_errors_v029.tsv
94	audit_basin12	audit_basin_10	right	basin12	0.4833723172307145	2.512974805452413	-1949.725760995562			144.662588	312.222428	True	False	False	v029	${PROJECT_ROOT}/09_strict_comparison/versions/v029_frozen_audit21_evaluation/attempt_20260722T193925Z/reports/per_configuration_errors_v029.tsv
95	audit_basin12	audit_basin_11	right	basin12	0.5012149786055677	2.495251874252846	-1949.726274066249			40.163451	172.293123	True	False	False	v029	${PROJECT_ROOT}/09_strict_comparison/versions/v029_frozen_audit21_evaluation/attempt_20260722T193925Z/reports/per_configuration_errors_v029.tsv
96	audit_basin12	audit_basin_12	right	basin12	0.48415892347079126	2.4961891153018123	-1949.727911783531			21.911523	140.831295	True	False	False	v029	${PROJECT_ROOT}/09_strict_comparison/versions/v029_frozen_audit21_evaluation/attempt_20260722T193925Z/reports/per_configuration_errors_v029.tsv
97	audit_neb9	audit_neb_01	left	neb9	-0.483891404936579	2.499240410496781	-1949.728382132342			0.995678	1.0	True	False	False	v029	${PROJECT_ROOT}/09_strict_comparison/versions/v029_frozen_audit21_evaluation/attempt_20260722T193925Z/reports/per_configuration_errors_v029.tsv
98	audit_neb9	audit_neb_02	left	neb9	-0.3880116402035043	2.457733604381563	-1949.724562470055			1468.59711	1304.85148	True	False	False	v029	${PROJECT_ROOT}/09_strict_comparison/versions/v029_frozen_audit21_evaluation/attempt_20260722T193925Z/reports/per_configuration_errors_v029.tsv
99	audit_neb9	audit_neb_03	left	neb9	-0.26005757218361825	2.418006217548474	-1949.711683320944			6678.371548	5497.731726	True	False	False	v029	${PROJECT_ROOT}/09_strict_comparison/versions/v029_frozen_audit21_evaluation/attempt_20260722T193925Z/reports/per_configuration_errors_v029.tsv
100	audit_neb9	audit_neb_04	transition	neb9	-0.12782328092162376	2.396677189257832	-1949.697951094875			12264.498273	10320.920456	True	False	False	v029	${PROJECT_ROOT}/09_strict_comparison/versions/v029_frozen_audit21_evaluation/attempt_20260722T193925Z/reports/per_configuration_errors_v029.tsv
101	audit_neb9	audit_neb_05	transition	neb9	-0.0001802773458876583	2.3901218509287707	-1949.692417387368			14500.8526	12326.803231	True	False	False	v029	${PROJECT_ROOT}/09_strict_comparison/versions/v029_frozen_audit21_evaluation/attempt_20260722T193925Z/reports/per_configuration_errors_v029.tsv
102	audit_neb9	audit_neb_06	transition	neb9	0.127509294253904	2.3966462931823207	-1949.697962931828			12274.708906	10330.939593	True	False	False	v029	${PROJECT_ROOT}/09_strict_comparison/versions/v029_frozen_audit21_evaluation/attempt_20260722T193925Z/reports/per_configuration_errors_v029.tsv
103	audit_neb9	audit_neb_07	right	neb9	0.25985898147464837	2.4179600350308545	-1949.711732845667			6687.689732	5507.802114	True	False	False	v029	${PROJECT_ROOT}/09_strict_comparison/versions/v029_frozen_audit21_evaluation/attempt_20260722T193925Z/reports/per_configuration_errors_v029.tsv
104	audit_neb9	audit_neb_08	right	neb9	0.38797642164204493	2.457715242769816	-1949.724656077223			1469.980084	1307.418227	True	False	False	v029	${PROJECT_ROOT}/09_strict_comparison/versions/v029_frozen_audit21_evaluation/attempt_20260722T193925Z/reports/per_configuration_errors_v029.tsv
105	audit_neb9	audit_neb_09	right	neb9	0.48377945579573045	2.4990582628674685	-1949.728489481261			1.0	0.996587	True	False	False	v029	${PROJECT_ROOT}/09_strict_comparison/versions/v029_frozen_audit21_evaluation/attempt_20260722T193925Z/reports/per_configuration_errors_v029.tsv
