series	image	qpt_ang	energy_ev	delta_e_from_left_ev	delta_e_from_lower_endpoint_ev	roo_ang	minimum_pair_ang	mass_weighted_rmsd_from_dft_image_ang	classification	delta_e_from_left_mev	delta_e_from_lower_endpoint_mev	plot_role
DFT	1	-0.483891404936579	-1949.728382132342	0.0	0.000107348919073047			0.0	reference	0	0.107348919073047	reference
DFT	2	-0.3880116402035043	-1949.724562470055	0.00381966228701458	0.003927011206087627			0.0	reference	3.81966228701458	3.927011206087627	reference
DFT	3	-0.26005757218361825	-1949.711683320944	0.016698811397873214	0.01680616031694626			0.0	reference	16.69881139787321	16.80616031694626	reference
DFT	4	-0.12782328092162376	-1949.697951094875	0.030431037466996713	0.03053838638606976			0.0	reference	30.43103746699671	30.53838638606976	reference
DFT	5	-0.0001802773458876583	-1949.692417387368	0.03596474497385316	0.036072093892926205			0.0	reference	35.96474497385316	36.0720938929262	reference
DFT	6	0.127509294253904	-1949.697962931828	0.030419200513961187	0.030526549433034234			0.0	reference	30.41920051396119	30.52654943303423	reference
DFT	7	0.25985898147464837	-1949.711732845667	0.016649286674919495	0.01675663559399254			0.0	reference	16.64928667491949	16.75663559399254	reference
DFT	8	0.38797642164204493	-1949.724656077223	0.0037260551189319813	0.0038334040380050283			0.0	reference	3.726055118931981	3.833404038005028	reference
DFT	9	0.48377945579573045	-1949.728489481261	-0.000107348919073047	0.0			0.0	reference	-0.107348919073047	0	reference
basin	1	-0.483891404936579	-1949.728391142756	0.0	4.802859621122479e-07	2.499240410496781	1.0444127011597906	5.168657806459772e-16	invalid_geometry_collapse	0	0.0004802859621122479	failure_diagnostic
basin	2	-0.39093628094490773	-1949.727830372759	0.000560769997036914	0.0005612502829990262	2.45344855980754	1.0631188891868701	0.001583596372756846	invalid_geometry_collapse	0.560769997036914	0.5612502829990262	failure_diagnostic
basin	3	-0.26008326916482094	-1949.734680466599	-0.006289323843020611	-0.006288843557058499	2.387910089312303	1.090217071874763	0.010518908786970099	invalid_geometry_collapse	-6.289323843020611	-6.288843557058499	failure_diagnostic
basin	4	-0.015281556275780428	-1949.843305103408	-0.11491396065207482	-0.11491348036611271	2.159156886462422	1.097121710393163	0.08249710337179224	invalid_geometry_collapse	-114.9139606520748	-114.9134803661127	failure_diagnostic
basin	5	-5.688144397775208e-05	-1954.82464934955	-5.0962582067941185	-5.096257726508156	1.7985316061400438	0.9519427449504909	0.2495966907319963	invalid_geometry_collapse	-5096.258206794118	-5096.257726508156	failure_diagnostic
basin	6	0.015268017275889445	-1949.843442051925	-0.11505090916898553	-0.11505042888302341	2.158884423946476	1.0969965054499502	0.08258182030052126	invalid_geometry_collapse	-115.0509091689855	-115.0504288830234	failure_diagnostic
basin	7	0.2599406086418483	-1949.734697790593	-0.006306647836936463	-0.006306167550974351	2.3878398469477276	1.090219522680278	0.010528494397263007	invalid_geometry_collapse	-6.306647836936463	-6.306167550974351	failure_diagnostic
basin	8	0.3911458060836144	-1949.727830341154	0.0005608016019778006	0.0005612818879399128	2.4535546792674165	1.0630751011375192	0.0015372143725570634	invalid_geometry_collapse	0.5608016019778006	0.5612818879399128	failure_diagnostic
basin	9	0.48377945579573045	-1949.728391623042	-4.802859621122479e-07	0.0	2.4990582628674685	1.0443962266868019	2.1157441884701313e-16	invalid_geometry_collapse	-0.0004802859621122479	0	failure_diagnostic
targeted	1	-0.483891404936579	-1949.728730403689	0.0	9.319589935330441e-07	2.499240410496781	1.0444127011597906	5.168657806459772e-16	converged_but_high_grade	0	0.0009319589935330441	secondary_high_grade_diagnostic
targeted	2	-0.38850414142987466	-1949.725392153084	0.0033382506051111704	0.0033391825641047035	2.457695146707081	1.0664242162920592	0.001172135403357862	converged_but_high_grade	3.33825060511117	3.339182564104703	secondary_high_grade_diagnostic
targeted	3	-0.25441431953319094	-1949.713082099996	0.015648303693069465	0.015649235652063	2.4192399090534535	1.085222505019452	0.0020234352318574083	converged_but_high_grade	15.64830369306947	15.649235652063	secondary_high_grade_diagnostic
targeted	4	-0.12504709231752775	-1949.702084623133	0.026645780556009413	0.026646712515002946	2.3992047520066904	1.0847490938633912	0.002369440280294408	converged_but_high_grade	26.64578055600941	26.64671251500295	secondary_high_grade_diagnostic
targeted	5	-0.00013196450881491906	-1949.698059043328	0.03067136036111151	0.030672292320105043	2.3924957584555977	1.0845703279746692	0.002323652142940792	converged_but_high_grade	30.67136036111151	30.67229232010504	secondary_high_grade_diagnostic
targeted	6	0.12470666579687362	-1949.702063833772	0.02666656991709715	0.026667501876090682	2.399169272157937	1.0847484116795285	0.0023785855552754713	converged_but_high_grade	26.66656991709715	26.66750187609068	secondary_high_grade_diagnostic
targeted	7	0.2541816600003737	-1949.713059430226	0.0156709734631022	0.015671905422095733	2.419190819684573	1.0852219426180556	0.002038899298079455	converged_but_high_grade	15.6709734631022	15.67190542209573	secondary_high_grade_diagnostic
targeted	8	0.3884101553199508	-1949.725385753862	0.003344649827113244	0.003345581786106777	2.457664255711083	1.0664516004340832	0.0011916698130803249	converged_but_high_grade	3.344649827113244	3.345581786106777	secondary_high_grade_diagnostic
targeted	9	0.48377945579573045	-1949.728731335648	-9.319589935330441e-07	0.0	2.4990582628674685	1.0443962266868019	2.1157441884701313e-16	converged_but_high_grade	-0.0009319589935330441	0	secondary_high_grade_diagnostic
