relative_path	size_bytes	sha256
STATUS_v005.txt	55	e7df0eb093ed057f2e4d1f6a428a3ebbec2db53f5e12d11a894c272f6e36f578
figure_manifest_v005.tsv	2838	fbb5ab6c9be026f2ca9b19ec9e9b8ce8cdd6e68b668c41ac86edcf221b9c7d6a
geometry/dft_independent_neb9_v005.xyz	6971	139d231dc033230b50b5d5dde825be523290c2f77b9ce558caa3802694c6f626
geometry/mtp_neb_basin_v005.xyz	7004	2955406023b4f4fff835c3b48ff3feb773a65485d03592d7ce5edb80ee312f93
geometry/mtp_neb_targeted_v005.xyz	7033	a231238ead0cd416bf12a55d1ccee1ba4c70fa4c268e44c7569757809dc023de
source_data/audit21_grade_metrics_v005.tsv	534	49af06c258e94bea39b35f08e585141aefbeb3ae3dd101ad48e6cfe2c4cd9ebc
source_data/audit21_per_configuration_metrics_v005.tsv	13734	d7bc57842a38177e180b400bbe6fbb0a1d8ba5b1b0109dfe53621006322d8fbd
source_data/audit21_subset_metrics_v005.tsv	1617	6fe6448652df55728fd42696fe653f106088c1a1663311a966ee4b20854ec48e
source_data/dataset_coverage_v005.tsv	36873	e8a28f4bba124d57a4ba4189275be10c89842dfdabe0f982ff8031e2475e2e68
source_data/first_step_extrapolation_v005.tsv	8402	64be758265011c7445645b323da0a2877cb07e7fbe30f1b17c23f1ff9f4fd31d
source_data/mtp_neb_classification_v005.tsv	984	4be0739393be50f519f0c26be2f0a2b75c206f30df912214683f752c5712f681
source_data/mtp_neb_paths_v005.tsv	5655	22427273b20798eaaeeb41aa981f3f77a7dcaf7cdb710482ffc8a3443da8dfa5
source_data/neb9_barrier_summary_v005.tsv	439	8b4ecfb24f982955d45d497f74e7363ce60cc6a9b38d9e1b320d48d09818d692
source_data/neb9_energy_profiles_v005.tsv	3723	b7efc556d0c4ed1109a0a4c0740decaf166159a5ee06eebc9a9d846e520b9898
source_data/primary_metric_summary_v005.tsv	793	633197b577f4293d948778b166a62c50d6500a1a4671214bcd1c07c2d9fedfe2
source_data/run0_selection_consistency_v005.tsv	2574	b3a4d98681569b938dcf9d771430206451b8255ab73fba4938f8e122c340b71e
source_data/source_oracle_contract_v005.json	1346	14e0f4184f05dc42eaf584b328dbdf2c320a71e977c56a3171aed8707e7d04cf
source_data/transition_region_force_rows_v005.tsv	759	1bd06d4694bcd91542f145456fbc892a3f92f396a3d916473c1d8e4e96b8b0e7
summary_v005.json	13500	21365d0cfff3f7ff3950db73f6a588954e5a0eb1a77f6a0be3952823a6332fd1
visual_style_lock_v005.json	1642	7bc205fc879449856cfa171c9204b0bee2964b06047eecc4ed155c517e63efba
