relative_path	source_sha256	repository_sha256	source_bytes	repository_bytes	sanitized
STATUS_v005.txt	e7df0eb093ed057f2e4d1f6a428a3ebbec2db53f5e12d11a894c272f6e36f578	e7df0eb093ed057f2e4d1f6a428a3ebbec2db53f5e12d11a894c272f6e36f578	55	55	False
checksums_v005.tsv	43f4eb09c6c47c1b292ee08ff6276f24e15a9797eebbbc97d38790d962ac9fa7	19e8c9e0e683460a3a99e7c18b98123caa92c2cb64eda47ae461b921c9f4b37b	18119	2197	True
figure_manifest_v005.tsv	4516cd75aefa8dce6065aead7aad3352320f1aec57374c7b8c8305726f9d1415	4516cd75aefa8dce6065aead7aad3352320f1aec57374c7b8c8305726f9d1415	2749	2749	False
geometry/dft_independent_neb9_v005.xyz	276aafb70294ab1bcc23972729120a6b106177b2d06bf4f92d223e92baeb33cc	139d231dc033230b50b5d5dde825be523290c2f77b9ce558caa3802694c6f626	7151	6971	True
geometry/mtp_neb_basin_v005.xyz	d9e76da0f2057d748b023ace5288ac078a235d8b784928530523ea6b0a9ce205	2955406023b4f4fff835c3b48ff3feb773a65485d03592d7ce5edb80ee312f93	7184	7004	True
geometry/mtp_neb_targeted_v005.xyz	b5e6d39fb8d59337e14fe31826e66e3ca56beea447db701e2cddc12d0a51b978	a231238ead0cd416bf12a55d1ccee1ba4c70fa4c268e44c7569757809dc023de	7213	7033	True
source_data/audit21_grade_metrics_v005.tsv	49af06c258e94bea39b35f08e585141aefbeb3ae3dd101ad48e6cfe2c4cd9ebc	49af06c258e94bea39b35f08e585141aefbeb3ae3dd101ad48e6cfe2c4cd9ebc	534	534	False
source_data/audit21_per_configuration_metrics_v005.tsv	d7bc57842a38177e180b400bbe6fbb0a1d8ba5b1b0109dfe53621006322d8fbd	d7bc57842a38177e180b400bbe6fbb0a1d8ba5b1b0109dfe53621006322d8fbd	13734	13734	False
source_data/audit21_subset_metrics_v005.tsv	6fe6448652df55728fd42696fe653f106088c1a1663311a966ee4b20854ec48e	6fe6448652df55728fd42696fe653f106088c1a1663311a966ee4b20854ec48e	1617	1617	False
source_data/dataset_coverage_v005.tsv	45e20477980393f893d9e8fc7a3cb64ff172d89968e8f4b25d074e4834e11efc	e8a28f4bba124d57a4ba4189275be10c89842dfdabe0f982ff8031e2475e2e68	39453	36873	True
source_data/first_step_extrapolation_v005.tsv	b19be907fdcdb1968100fa2c6cae2e1f3beb57bfecc827592e66208ffc3a746d	64be758265011c7445645b323da0a2877cb07e7fbe30f1b17c23f1ff9f4fd31d	8522	8402	True
source_data/mtp_neb_classification_v005.tsv	4be0739393be50f519f0c26be2f0a2b75c206f30df912214683f752c5712f681	4be0739393be50f519f0c26be2f0a2b75c206f30df912214683f752c5712f681	984	984	False
source_data/mtp_neb_paths_v005.tsv	22427273b20798eaaeeb41aa981f3f77a7dcaf7cdb710482ffc8a3443da8dfa5	22427273b20798eaaeeb41aa981f3f77a7dcaf7cdb710482ffc8a3443da8dfa5	5655	5655	False
source_data/neb9_barrier_summary_v005.tsv	8b4ecfb24f982955d45d497f74e7363ce60cc6a9b38d9e1b320d48d09818d692	8b4ecfb24f982955d45d497f74e7363ce60cc6a9b38d9e1b320d48d09818d692	439	439	False
source_data/neb9_energy_profiles_v005.tsv	b7efc556d0c4ed1109a0a4c0740decaf166159a5ee06eebc9a9d846e520b9898	b7efc556d0c4ed1109a0a4c0740decaf166159a5ee06eebc9a9d846e520b9898	3723	3723	False
source_data/primary_metric_summary_v005.tsv	94bd1d2d1180d6f71323236b2a0cc1894048e83e67f19c56d92fc869bdd53752	633197b577f4293d948778b166a62c50d6500a1a4671214bcd1c07c2d9fedfe2	833	793	True
source_data/run0_selection_consistency_v005.tsv	3f25b5100ba579f6aa24fc900948c834fc7c92d8f7eebe2976f082946c938f5e	b3a4d98681569b938dcf9d771430206451b8255ab73fba4938f8e122c340b71e	2694	2574	True
source_data/source_oracle_contract_v005.json	bf6c610f20a4ee92e227f0a8cea6476f17b635170e74309ab83e3a0ec6cf88c0	14e0f4184f05dc42eaf584b328dbdf2c320a71e977c56a3171aed8707e7d04cf	1386	1346	True
source_data/transition_region_force_rows_v005.tsv	1bd06d4694bcd91542f145456fbc892a3f92f396a3d916473c1d8e4e96b8b0e7	1bd06d4694bcd91542f145456fbc892a3f92f396a3d916473c1d8e4e96b8b0e7	759	759	False
summary_v005.json	359a7d7df0a76e3190b5fa507bd974984cdb8336dd12bdedaf004cd7a570976f	21365d0cfff3f7ff3950db73f6a588954e5a0eb1a77f6a0be3952823a6332fd1	14640	13500	True
visual_style_lock_v005.json	7bc205fc879449856cfa171c9204b0bee2964b06047eecc4ed155c517e63efba	7bc205fc879449856cfa171c9204b0bee2964b06047eecc4ed155c517e63efba	1642	1642	False
