seed_index	seed_u64	branch	model_sha256	prediction_sha256	DFT_barrier_meV	model_barrier_meV	lower_endpoint_barrier_abs_error_meV	transition_region_force_component_RMSE_eV_A	transition_config_count	basin12_force_component_RMSE_eV_A	neb7_interior_force_component_RMSE_eV_A	neb7_interior_centered_energy_RMSE_eV
0	4172185641970229070	basin	48b29892a602d1f408489f217285762128f1bb0d8bc512b2a9660764e3c8a8fe	0f7fa2dbaf961a559ebe1b69bda58f2164bfae58bf81102bd9d3b9b132d5380c	36.072093892926205	63.622095929986244	27.55000203706004	0.08128164951259025	3	0.003523545395777469	0.06053923886069138	0.009845312497164933
0	4172185641970229070	targeted	745c3319e47e306bd895a1dde730baf23e50ed1df0dee1989d5ddd04b0346d58	f9d3082feebc27174f8ff9cf4a9e825bc79c995b92128f8ef3a9a7dcde6a33c1	36.072093892926205	42.70269864809961	6.630604755173408	0.05701813137362402	3	0.006540872521229461	0.04090976277485873	0.0026529066006154463
1	10780126852447763956	basin	4680176a32d78afe07217cb7638e1fe808ee62086a3d219ce1f27eff7ed4611b	e57b60a03c888aabb7909134472a99b11f4f59f5a5fbe08f0c209ac4eac38935	36.072093892926205	4.358891364063311	31.713202528862894	0.09372108823508342	3	0.004298139446075672	0.07085489018145828	0.011113644203332003
1	10780126852447763956	targeted	144b68e3c78dc6aeddb626a32d242c1cb5e6c781da5b06ad4bdee7d551190161	95d4bf7ebf55917fbcff4673119253f5f711a81a4a0057380c6811bf5b53b80d	36.072093892926205	37.44082485900435	1.3687309660781466	0.08736456890891237	3	0.0043971420784295135	0.06331547612684187	0.0005485735896207116
2	16937122512019790775	basin	b4e7bbe4e2c907b68e7dbde309876de9a7f5cfebf660325db66658b1d43bd3aa	fc5457731b9b15d0d1b08952d3b4fd781ee599faa62dc35be0e1bc913966e7c7	36.072093892926205	59.14986896891605	23.077775075989848	0.21292318069827557	3	0.004079386559893153	0.1545939078952987	0.008490047873917272
2	16937122512019790775	targeted	360af55a4d1c5abeeeec48a143c1fc78e42b919216c5d549bccfa838b85b52fe	e06a05533d7c12552caf42e5141748a396c1a4926032fcb7540fcb3b078e019a	36.072093892926205	32.82262865400298	3.2494652389232215	0.11167892038075454	3	0.00424915615431481	0.08330717653623586	0.0011631161110103438
3	12250469658613881511	basin	c3a72e0fe133019054befc3affbe34a5603a1dafbafb9420b0324277cef32d18	c0f306946bd63050fe76af7e3650b1dd6b52b38fd1cb1d74c3e749d6b5da5adc	36.072093892926205	43.203836316024535	7.131742423098331	0.045883369996525133	3	0.003962603302389797	0.03655886043309115	0.0025874192736045944
3	12250469658613881511	targeted	430a8b7e45a942495f09ddf44579b555c5deb5e60aa684092e2cbc999d7be99c	1d7c4fdd1d8c30df3f6613ba160a7418c15859083772a125ea4bfc7fe8c6a5cb	36.072093892926205	26.777573942126764	9.29451995079944	0.07421293311695278	3	0.003976179832458739	0.05715954344946659	0.0029859672746903347
4	18149779474148714524	basin	dd6caf9e459ee90e06fd163af2c46384ada45197597eda341dd0febe616479ca	7c7053bf1d4255dd3b3d31d4760a580b18685e1e125420106e5065695e73e892	36.072093892926205	47.311382541920466	11.239288648994261	0.11794735514301743	3	0.0037544535252447705	0.085670083229298	0.004324566090155639
4	18149779474148714524	targeted	146f03367d76d2d716fa1b639b8451a5236610ba01e9657afb026b816745f582	5a9bf032aa25a60ec21d0efe4b671534f4343f72d3793088f6d27d52ff74411d	36.072093892926205	27.783302303078017	8.288791589848188	0.1267492273805023	3	0.003997801732432681	0.09106829015308969	0.0031081493021572525
