replay_index	origin	candidate_id	source_condition	source_step	role	reference_reuse_or_new	input_sha256	canonical_exact_geometry_sha256	pw_out_sha256	xml_sha256	gamma_saved	old_stop	above_old_stop	qPT_A	R_OO_A	geometry_valid	numerical_valid	RMSE_F_eV_A	max_abs_component_eV_A	proton_H2_vector_error_eV_A	proton_H2_y_error_eV_A	proton_H2_projection_O1_to_O8_error_eV_A	winning_C3_y_error_eV_A	energy_model_eV	energy_reference_eV	energy_error_eV	A2_threshold_eV_A	A2_PASS
93	Train109_saved_Replay228	traj_T100_left_step0093	T100_left	93	CHALLENGE4	REUSE	dba35a438b285bec4f18f7feed311eb3a81513ccd4e57053ac498a4778b71714	cc778b224f422f2574ce71fe10c77b14c1d24ea86f05ffab5eeb8ef3599d382d	3dd9206e6c8b5b32478b4e7b123e6dcc70efeb2062e402ff40249e6a308919b0	a21e8ca6e7a991696ac21c627ec3c8d761a097eeaf5e5ea5ceda68950eb706ea	0.7934853942398995	1.0000012996964838	False	-0.42672868854130663	2.46600499921	True	True	0.029451314732586324	0.09038879939196287	0.0638769006033335	-0.012281247353292973	0.003678838622612087	0.0219557648996751	-1949.663438947546	-1949.6649604183613	0.0015214708153052925	0.09	True
94	Train109_saved_Replay228	traj_T100_left_step0094	T100_left	94	CHALLENGE4	REUSE	dba35a438b285bec4f18f7feed311eb3a81513ccd4e57053ac498a4778b71714	9ac5d500d1c27a9f138c0a6648344ca29f992fed1fb287c6713a4956a91e4cdc	f58e342feaad952111a327904dfd9129aca2cb675d5c3dd8229350c1a1d64425	60faf9314326ff067e59fa9b043b9b3181067bb0528579678ccd635012be732b	0.7941677457540877	1.0000012996964838	False	-0.4269924092737094	2.4655672074333568	True	True	0.029578383831842314	0.09046956539524972	0.06428042264497977	-0.012572751273454669	0.003321387299660361	0.022619422185253146	-1949.6647782951507	-1949.6663921454488	0.0016138502980993508	0.09	True
95	Train109_saved_Replay228	traj_T100_left_step0095	T100_left	95	CHALLENGE4	REUSE	dba35a438b285bec4f18f7feed311eb3a81513ccd4e57053ac498a4778b71714	65c599ab635f4dad355285d62c17f23bc10529d5d077457760c168be169318b9	ec6a7445e8d497634b39ab1a5c651e9e99afa5afb20b9827e305cafc3630bd86	da4532435f581863c75e30e8503a08b673a8e35c8d4487b9a3dabc4f0575e4e0	0.7947015377213335	1.0000012996964838	False	-0.4272379614701969	2.465129654871671	True	True	0.02970190946132308	0.09047180918792404	0.06468646205789352	-0.01289277431335245	0.0029903508955099745	0.02325752391022462	-1949.6661764817945	-1949.667883329415	0.0017068476204258332	0.09	True
96	Train109_saved_Replay228	traj_T100_left_step0096	T100_left	96	CHALLENGE4	REUSE	dba35a438b285bec4f18f7feed311eb3a81513ccd4e57053ac498a4778b71714	038eb20734c840206eab4c97586a4a74f58683456f7caccf0a11b5880f209345	75ce8cff44d8239aae5cd69a2314546d780d35e13d6672800912aab352826969	630e74acdaded527787b712062c79532d0e5c446b9730b83613805334e68a278	0.7950788550692242	1.0000012996964838	False	-0.4274637745231398	2.4646924319900525	True	True	0.029823155104733923	0.0904557778085238	0.06506782903463587	-0.013185945112063197	0.0026446054753447683	0.023933308750914817	-1949.6676151592583	-1949.6694150583469	0.001799899088609891	0.09	True
142	Train109_saved_Replay228	traj_T100_right_step0042	T100_right	42	BELOW_STOP_CONTROL	NEW	069a5c51762b97eff924215473a36a8db37c8aa1da58e8645b92ef8a2019ff71	17d773561b9949bf70211fcb2771acef69c8fda80ccfae3620ea1ca7e1c25772	929c404ac536b21aa7b85af2131107389637d9b84af7d0acd151635c72d7505d	2a7523c9d6b9b0f491590807740e1f874e51de56fab284d5b75d14f77cdee977	0.9995821609018609	1.0000012996964838	False	0.49652230329541447	2.4983059377207444	True	True	0.027497582260265316	0.05656833786251245	0.015732701123145107	-0.01318894695384333	0.0008528740499175521	-0.005140866073255701	-1949.6828031040998	-1949.6839162781914	0.001113174091642577	0.09	True
143	Train109_saved_Replay228	traj_T100_right_step0043	T100_right	43	CROSSING7	NEW	534a5084580699b749ac1de00789ffb25457c64e08f43ba114a829aafe3b0300	60fcbfcbe9126511a92abfe9d57690d1d12f753a21ace4a27aaaf56e2e9d8406	8ff2244b1478dfe38ae73c0b1f56e17b51f9d47b06adbfedee6e4b368ff70b98	d3a66e6796d887588c1d9f978feeddd3c305bff47d2e353e41b1adc30c205de2	1.0004397824960853	1.0000012996964838	True	0.49511297555284406	2.498334206810298	True	True	0.027623177742765414	0.05567067025508721	0.01591543348084578	-0.013504912034133953	0.0011262878845322503	-0.005341375984816266	-1949.682376321223	-1949.6834924608504	0.0011161396273564606	0.09	True
144	Train109_saved_Replay228	traj_T100_right_step0044	T100_right	44	CROSSING7	NEW	edbd9d4d93dc2c709e4c1e4604a4699a1cce47b6618f7f8aa4c220b0e715a573	934af6c30897f31f135eaffb32a672cdf6fbe9bf0403824176927dc5ef32e5a2	ff10002a2cae161631c9c58c2273b1d37a77036d4d10beff4fc3bffc7e815c94	b5d803df71c2a41cae1b6906634bb3cc9924b62d32e2313b58453468e91a27db	1.000940575558663	1.0000012996964838	True	0.4936342702870924	2.498364039654721	True	True	0.027722174152325592	0.05468157810127458	0.016043790470596987	-0.013793674768692782	0.0014435616787620389	-0.005596918639284465	-1949.6819474950921	-1949.6830668747696	0.001119379677447796	0.09	True
145	Train109_saved_Replay228	traj_T100_right_step0045	T100_right	45	CROSSING7	NEW	406873da0bf138368575b5f4e26a30f2307c5ae1078e86aa573d20c0d59cca99	508707769bc9c69ac4f160b395e198999287c47dc20c4c91fb7287e5be6f8ad1	793e931e61050fa217b2804eb2461cabbe4f34212ebdb257860a045b47539b78	5ac7f36de28dfa05ae4bb901d787165d8e58495230216e24cd1dd5cb8e913951	1.0010924700706225	1.0000012996964838	True	0.49208937197324576	2.498395317768594	True	True	0.02780552898577584	0.053517916690341893	0.016227276333531306	-0.014099322477751045	0.001717344475262732	-0.005849817275950464	-1949.6815093470677	-1949.682632444988	0.0011230979202991875	0.09	True
146	Train109_saved_Replay228	traj_T100_right_step0046	T100_right	46	CROSSING7	NEW	945794e21e645e7cac39c8d98ceedf4f94c16cef259896e23e6632b1acb34503	cafae4a4075f4718c18cafcbbdd62d9ed419004c9a8d3d10a569e472450751e0	be90791ec4867a46068161165171b6e3dc701fc66ee956bb1f2e98ca5023ca30	c5bf5d5ac4851048d6f668e1a1009c326601be8ef4a66644230df425f1cb953c	1.0009041765660966	1.0000012996964838	True	0.4904816170544959	2.4984279179655724	True	True	0.027874411385267958	0.05250182641409029	0.016426726112308818	-0.014418372999407625	0.0020051389774606936	-0.00609129207096859	-1949.6810550569126	-1949.6821820965456	0.0011270396330473886	0.09	True
147	Train109_saved_Replay228	traj_T100_right_step0047	T100_right	47	CROSSING7	NEW	f42ea28dfb2ac6e58c53b8903680b1e820b518d545a197483bafc717cf7c678e	fb78ec6620d339e6f7f45411697d9741993b2c5839638400caa624fddc31249b	3ce471affe9038bfe244bc4f32727672d47197f48fbf9d9c15cd879a72999100	9c985618417413c3cbce4fb017ad8f15f8808eaacf1a8a6b14589773887782f9	1.000385185586312	1.0000012996964838	True	0.48881448148190243	2.49846171276984	True	True	0.027925297008222338	0.05309096502150262	0.01663032198105759	-0.014742588230217873	0.0023136260484095234	-0.006397156106568769	-1949.6805783582258	-1949.6817098429374	0.0011314847115500015	0.09	True
148	Train109_saved_Replay228	traj_T100_right_step0048	T100_right	48	BELOW_STOP_CONTROL	NEW	3a14525559d3f439c9251272bbc2217781f82c8ac9a1feda78a4428f784f60d0	22d83fe397c22ed41977bff10d737993e123c27f552a7f2e5957fc30b2da1ea0	778196e20fa3ca77b73b845e0c38d438abdc0e95f58730e4b55fc21c5e2db533	06198df4238eac89f190405ac2975dbf94ef5a3bc5fb4a578c802f1cd7cf8f99	0.9995457661910677	1.0000012996964838	False	0.48709156809486864	2.4984965708340665	True	True	0.027964752050876732	0.0536295448185205	0.01682513170098163	-0.015037247899042872	0.002592587187167679	-0.006731344552210694	-1949.6800736222874	-1949.6812098337152	0.0011362114278199442	0.09	True
