media_file	media_sha256	saved_input	input_sha256	exact_origin	data_role	display_role	montage_role	source_recomputed
media/01_proton_path.mp4	4b6a5a26ae3cf14eb82fb2be8038cfb355d601873cd0d09f37653e1abc80abdd	sources/inputs/neb9.xyz	139d231dc033230b50b5d5dde825be523290c2f77b9ce558caa3802694c6f626	v1.1.2:data/publication_source_v005/geometry/dft_independent_neb9_v005.xyz	saved scientific values	rigid alignment + Cartesian NEB presentation interpolation	60 fps reading/motion timeline; not physical time	False
media/01_proton_path.mp4	4b6a5a26ae3cf14eb82fb2be8038cfb355d601873cd0d09f37653e1abc80abdd	sources/inputs/energy_profiles.tsv	b7efc556d0c4ed1109a0a4c0740decaf166159a5ee06eebc9a9d846e520b9898	v1.1.2:data/frozen_audit/neb9_energy_profiles_v005.tsv	saved scientific values	saved sample points; paired lines / graph connectors only	60 fps reading/motion timeline; not physical time	False
media/02_equal_budget.mp4	92f7f18f1171994f7eabaf1bfb8d871e3180265007773437aa66984335b28868	sources/inputs/science_status.json	74e78df0de6d20ecf70b705bab35963ab60e50eeb0e2c3aa6260faf056c3a5bf	v1.1.2:data/post_publication/FINAL_SCIENCE_STATUS.json	saved scientific values	saved sample points; paired lines / graph connectors only	60 fps reading/motion timeline; not physical time	False
media/02_equal_budget.mp4	92f7f18f1171994f7eabaf1bfb8d871e3180265007773437aa66984335b28868	sources/inputs/seed_metrics.tsv	e1c126c51cf2da357fd52c29cb5e02c51821d96b1d29d1a4468e259f77f14443	v1.1.2:data/robustness/v028_seed_robustness_v001/ALL_METRICS.tsv	saved scientific values	saved sample points; paired lines / graph connectors only	60 fps reading/motion timeline; not physical time	False
media/03_applicability_boundary.mp4	4e09b6f338662394f331dd12960c04a4426b09656d1054b37d930905f3138923	sources/inputs/replay228_gamma.tsv	2b670a415b50c69312ac65c350637511391d5ae02b89414563432a52731d309c	${PROJECT_ROOT}/12_transition_tube/versions/v091j_train119_post_training_validation_and_applicability_execution_v001/attempt_20261002T063825Z/REPLAY228_GRADE/REPLAY228_GAMMA.tsv	saved scientific values	saved sample points; paired lines / graph connectors only	60 fps reading/motion timeline; not physical time	False
media/03_applicability_boundary.mp4	4e09b6f338662394f331dd12960c04a4426b09656d1054b37d930905f3138923	sources/inputs/validation11_force.tsv	b75dbbb567ace79e2e2a768a142148a1bf78bd84153122db6fb3f7d76e14f453	${PROJECT_ROOT}/12_transition_tube/versions/v091j_train119_post_training_validation_and_applicability_execution_v001/attempt_20261002T063825Z/MODEL_VALIDATION11/VALIDATION11_FORCE_METRICS.tsv	saved scientific values	saved sample points; paired lines / graph connectors only	60 fps reading/motion timeline; not physical time	False
media/03_applicability_boundary.mp4	4e09b6f338662394f331dd12960c04a4426b09656d1054b37d930905f3138923	sources/inputs/serialization_guard.json	117f83be0de342281b0f4339dd68f7a28c8eb84e7565eba2d31a175872beeaaa	${PROJECT_ROOT}/12_transition_tube/versions/v091j_train119_post_training_validation_and_applicability_execution_v001/attempt_20261002T063825Z/MODEL_VALIDATION11/SERIALIZATION_GUARD.json	saved scientific values	saved sample points; paired lines / graph connectors only	60 fps reading/motion timeline; not physical time	False
media/03_applicability_boundary.mp4	4e09b6f338662394f331dd12960c04a4426b09656d1054b37d930905f3138923	sources/inputs/science_status.json	74e78df0de6d20ecf70b705bab35963ab60e50eeb0e2c3aa6260faf056c3a5bf	v1.1.2:data/post_publication/FINAL_SCIENCE_STATUS.json	saved scientific values	saved sample points; paired lines / graph connectors only	60 fps reading/motion timeline; not physical time	False
media/04_story_teaser.mp4	cad8d878592d4d47871536b698d2407e88981def0a5caa5d715ee5162c8a11b4	sources/inputs/neb9.xyz	139d231dc033230b50b5d5dde825be523290c2f77b9ce558caa3802694c6f626	v1.1.2:data/publication_source_v005/geometry/dft_independent_neb9_v005.xyz	saved scientific values	rigid alignment + Cartesian NEB presentation interpolation	60 fps reading/motion timeline; not physical time	False
media/04_story_teaser.mp4	cad8d878592d4d47871536b698d2407e88981def0a5caa5d715ee5162c8a11b4	sources/inputs/energy_profiles.tsv	b7efc556d0c4ed1109a0a4c0740decaf166159a5ee06eebc9a9d846e520b9898	v1.1.2:data/frozen_audit/neb9_energy_profiles_v005.tsv	saved scientific values	saved sample points; paired lines / graph connectors only	60 fps reading/motion timeline; not physical time	False
media/04_story_teaser.mp4	cad8d878592d4d47871536b698d2407e88981def0a5caa5d715ee5162c8a11b4	sources/inputs/science_status.json	74e78df0de6d20ecf70b705bab35963ab60e50eeb0e2c3aa6260faf056c3a5bf	v1.1.2:data/post_publication/FINAL_SCIENCE_STATUS.json	saved scientific values	saved sample points; paired lines / graph connectors only	60 fps reading/motion timeline; not physical time	False
media/05_proton_vertical.mp4	d8005278d7323dc80487408d235df384a7bd198cf1c4896d7af127aea97bf36f	sources/inputs/neb9.xyz	139d231dc033230b50b5d5dde825be523290c2f77b9ce558caa3802694c6f626	v1.1.2:data/publication_source_v005/geometry/dft_independent_neb9_v005.xyz	saved scientific values	rigid alignment + Cartesian NEB presentation interpolation	60 fps reading/motion timeline; not physical time	False
media/05_proton_vertical.mp4	d8005278d7323dc80487408d235df384a7bd198cf1c4896d7af127aea97bf36f	sources/inputs/energy_profiles.tsv	b7efc556d0c4ed1109a0a4c0740decaf166159a5ee06eebc9a9d846e520b9898	v1.1.2:data/frozen_audit/neb9_energy_profiles_v005.tsv	saved scientific values	saved sample points; paired lines / graph connectors only	60 fps reading/motion timeline; not physical time	False
