repository_path	source_sha256	repository_sha256	source_bytes	repository_bytes	sanitized
data/frozen_models_v028/train_basin60_v028.cfg	748a84e333ae581a4527f0f709ebf05832645bfbac4af12cbcdf3c23a94fe3b8	b922e7a5dfea9d048440b9edebd5719cfbf7f1a4b37dc01b1006de7cebbff4bb	123684	123123	True
data/frozen_models_v028/train_targeted60_v028.cfg	8700cffbbd5701d136ea8b63fcdece748fb7809ba47fdedd0fd5120b9f72533f	eb80aed5c5036bbd3c50352ab2401bc742e4b6bcaf8b4ebebbea8703d5837e57	118174	117613	True
data/frozen_models_v028/locked_untrained_l12_v028.mtp	84937b7176b87004a55296f2ba908386aaaa7095df1b73e5e6c2288d119d7db1	84937b7176b87004a55296f2ba908386aaaa7095df1b73e5e6c2288d119d7db1	2989	2989	False
data/frozen_models_v028/pot_basin60_l12_v001.mtp	45d80443c5f62cdfa30bbd1512cf58e31cd16fe2bb0b50cec147a92350d7a7ff	45d80443c5f62cdfa30bbd1512cf58e31cd16fe2bb0b50cec147a92350d7a7ff	9103	9103	False
data/frozen_models_v028/pot_targeted60_l12_v001.mtp	30175dae673d63e0b318e5e3ba311a9f61afe88929a5d19c69a744a47aeef99f	30175dae673d63e0b318e5e3ba311a9f61afe88929a5d19c69a744a47aeef99f	9092	9092	False
data/frozen_models_v028/frozen_audit21_labels_v029.cfg	f7281f4aa8b6a85de0d4ad86995f26e6bf74dbc9dd0dea5a963472fe2306e421	0dc2a1c4c64f243de9c646263fd14e840bc78d2f330fbf52b9f6b22dfe17681d	31709	31708	True
data/frozen_models_v028/audit21_predictions_basin_v029.cfg	26a6c09c47d42ac494afef8b2ae2e8f67a0ecd036e05b37985a1f718ebe50cd4	bb710c65309779793cb22f79ce45657abbf9ec6bc1cfcfb669163b4be3dd9ef8	34526	34525	True
data/frozen_models_v028/audit21_predictions_targeted_v029.cfg	1a80a6ab9f9d57076a99ba96cdd87ad54367220befefc8b28220a0ebe8a4837e	88606a1c808612318d5f0847f7138ecae6e2b0195d6894e2bd0ebc763be79210	34526	34525	True
data/frozen_models_v028/preregistered_primary_metrics_v030r.tsv	06761f44bb90705f27b540e35fb75fb9544eeb417088a0f31d7436643d8d3632	e1c507d19efa7686093bb6cfd5e4fef394ee7f3c5492cd70b9876d0b45343a04	458	455	True
