claim	status	source	caveat	allowed	forbidden
Original locked v028 pair: barrier error 35.2457 -> 4.10039 meV	SUPPORTED_FOR_LOCKED_ARTIFACT_PAIR	FINAL_SCIENCE_STATUS.json + tools/recompute_primary_metrics.py	Not seed-robust; v028 random initialization was unseeded.	For the original locked model pair, transition-focused placement reduced barrier error from 35.25 to 4.10 meV.	Transition-focused sampling robustly reduces barrier error by this amount.
Original locked v028 pair: transition-force RMSE 0.176083 -> 0.0786849 eV/A	SUPPORTED_FOR_LOCKED_ARTIFACT_PAIR	FINAL_SCIENCE_STATUS.json + tools/recompute_primary_metrics.py	Not seed-robust.	For the original locked model pair, transition-force RMSE changed from 0.176 to 0.0787 eV/A.	Transition-focused sampling always/robustly halves force error.
Both models used 60 DFT configurations = common36 + 24 branch-specific	SUPPORTED	v028 model lock / frozen Train60 CFGs	None for configuration count.	Equal configuration budget: 60 vs 60.	Equal computational training cost in every possible sense.
Targeted24 were MaxVol-selected from a larger transition candidate pool	NOT_SUPPORTED	v026 summary: generated=24, selected=24, K=24	Spatial-allocation experiment, not competitive subset-ranking test.	All 24 transition candidates were used.	MaxVol identified the best 24 from a larger transition pool.
The entire NEB9/Audit21 is an independent holdout	FALSE	Stage72 L2 + independent geometry audit	Two endpoints overlap common36; seven interior NEB images do not.	The seven interior NEB geometries are absent from Train60; endpoints overlap common36.	Independent nine-image PBE NEB holdout.
Primary transition-force metric is affected by endpoint overlap	FALSE_FOR_PRIMARY_FORCE_METRIC	transition indices 16-18; endpoint overlaps 13 and 21	Barrier metric uses endpoints, so barrier reference is not strict holdout.	Central transition-force metric is not geometrically contaminated by the endpoint overlaps.	All primary metrics are fully independent.
Six first attempted updates exceeded the historical applicability threshold	SUPPORTED_DIAGNOSTIC	v032d + v032k source-oracle replay	No usable free MD trajectory and no DFT error measurement.	Six captured first attempted update geometries were rejected by the historical MaxVol criterion.	All six trajectories failed because forces were inaccurate.
MaxVol gamma is a quantitative force-error estimate	FALSE	Stage86/87/88	Coverage/applicability diagnostic only over observed domain.	Gamma diagnoses active-space coverage/applicability.	Gamma predicts DFT force error.
Original basin-vs-targeted conclusion is training-seed robust	FALSE	v028 fixed-seed robustness, 5 paired seeds	Targeted better on both primary metrics only 3/5 pairs; seed3 reverses both, seed4 mixed.	The original locked pair shows a large targeted advantage, but a five-seed audit shows the ordering is seed-sensitive.	The spatial-allocation advantage is robust to stochastic training initialization.
Train119 passes final static applicability	FALSE	Stage91J/K/L	Five Replay228 crossings 143-147.	Train119 fails the frozen static applicability criterion on five replay configurations.	Train119 solved deployment applicability.
Train119 has a demonstrated force-accuracy failure	NOT_ESTABLISHED	Stage91J/K/L	Saved Validation11 payload 11/11 below A2; Validation11 not independent and pair guard nonconforming.	A force-accuracy failure was not established by the frozen diagnostic.	The five gamma crossings mean Train119 forces are wrong.
Validation11 is an independent final holdout	FALSE	Stage91IA + geometry audit	One exact training overlap + two serialization-scale near-duplicates.	Validation11 is a frozen post-training diagnostic set with known overlap limitations.	11 independent holdout configurations.
Replay228 is an untouched validation set	FALSE	late-stage lineage	Repeatedly used for diagnosis/remediation.	Replay228 is a development benchmark.	Independent final test.
Blind12 validates final model	NO_RESULT	Stage91L	Blind12 remains unrevealed.	Blind12 was preserved and not revealed.	Blind validation passed/failed.
Deployment-ready reactive dynamics demonstrated	FALSE	FINAL_SCIENCE_STATUS	No Train119 Gate1 after Stage91J fail.	Deployment-ready dynamics were not established.	Validated reactive MD.
Historical five-seed robustness execution followed train-all-then-evaluate ordering	FALSE_FOR_HISTORICAL_V002	Prompt2 acceptance + RNG evaluation-order repair	Historical execution interleaved evaluation; repair replay occurred later on fixed saved models.	Historical ordering was nonconforming; a separate evaluation-only replay after all trainings reproduced 10/10 predictions byte-for-byte and metrics exactly.	The original five-seed execution followed train-all-then-evaluate order.
