logical_name	description	repository_path	source_sha256	repository_sha256	size_bytes	sanitized
visual_story_v001_000	New v1.2.0 presentation artifact; scientific authority unchanged.	data/visual_story/v001/SOURCE_MANIFEST.json	5d2b964713e4a77067fd48bd9ae1e069e0e219be5d31696de11ae94480e07c07	5d2b964713e4a77067fd48bd9ae1e069e0e219be5d31696de11ae94480e07c07	2273	FALSE
visual_story_v001_001	New v1.2.0 presentation artifact; scientific authority unchanged.	data/visual_story/v001/editorial_baseline/TG_LONGREAD_COMPACT.md	aef932e1ea8d881c1f3f37aa988b4cb0a2629d6550a630f85ebc2e97b58efcc0	aef932e1ea8d881c1f3f37aa988b4cb0a2629d6550a630f85ebc2e97b58efcc0	11677	FALSE
visual_story_v001_002	New v1.2.0 presentation artifact; scientific authority unchanged.	data/visual_story/v001/editorial_baseline/TG_LONGREAD_FULL.md	c2a8776287ba4ac72b945cfa5ac945d18f1a9cadfcbe683ebfed593417b6c8e7	c2a8776287ba4ac72b945cfa5ac945d18f1a9cadfcbe683ebfed593417b6c8e7	32181	FALSE
visual_story_v001_003	New v1.2.0 presentation artifact; scientific authority unchanged.	data/visual_story/v001/editorial_baseline/TG_POST_FACTCHECK.tsv	acd9e2dd91af846ef2cb783fbc68a4a7a328ceab4e119928362990a35a9697ee	38a4a20cc676c029525eea98ea8160e8f91d4047202a939c5fa8437373593291	21581	TRUE
visual_story_v001_004	New v1.2.0 presentation artifact; scientific authority unchanged.	data/visual_story/v001/energy_profiles.tsv	b7efc556d0c4ed1109a0a4c0740decaf166159a5ee06eebc9a9d846e520b9898	b7efc556d0c4ed1109a0a4c0740decaf166159a5ee06eebc9a9d846e520b9898	3723	FALSE
visual_story_v001_005	New v1.2.0 presentation artifact; scientific authority unchanged.	data/visual_story/v001/neb9.xyz	139d231dc033230b50b5d5dde825be523290c2f77b9ce558caa3802694c6f626	139d231dc033230b50b5d5dde825be523290c2f77b9ce558caa3802694c6f626	6971	FALSE
visual_story_v001_006	New v1.2.0 presentation artifact; scientific authority unchanged.	data/visual_story/v001/replay228_gamma.tsv	2b670a415b50c69312ac65c350637511391d5ae02b89414563432a52731d309c	2b670a415b50c69312ac65c350637511391d5ae02b89414563432a52731d309c	6499	FALSE
visual_story_v001_007	New v1.2.0 presentation artifact; scientific authority unchanged.	data/visual_story/v001/science_status.json	74e78df0de6d20ecf70b705bab35963ab60e50eeb0e2c3aa6260faf056c3a5bf	74e78df0de6d20ecf70b705bab35963ab60e50eeb0e2c3aa6260faf056c3a5bf	3461	FALSE
visual_story_v001_008	New v1.2.0 presentation artifact; scientific authority unchanged.	data/visual_story/v001/seed_metrics.tsv	e1c126c51cf2da357fd52c29cb5e02c51821d96b1d29d1a4468e259f77f14443	e1c126c51cf2da357fd52c29cb5e02c51821d96b1d29d1a4468e259f77f14443	3315	FALSE
visual_story_v001_009	New v1.2.0 presentation artifact; scientific authority unchanged.	data/visual_story/v001/serialization_guard.json	117f83be0de342281b0f4339dd68f7a28c8eb84e7565eba2d31a175872beeaaa	117f83be0de342281b0f4339dd68f7a28c8eb84e7565eba2d31a175872beeaaa	405	FALSE
visual_story_v001_010	New v1.2.0 presentation artifact; scientific authority unchanged.	data/visual_story/v001/validation11_force.tsv	b75dbbb567ace79e2e2a768a142148a1bf78bd84153122db6fb3f7d76e14f453	b75dbbb567ace79e2e2a768a142148a1bf78bd84153122db6fb3f7d76e14f453	823	FALSE
visual_story_v001_011	New v1.2.0 presentation artifact; scientific authority unchanged.	docs/VISUAL_STORY.md	72611bab2d4f9acd02878228513d3b8bbe693a07fc35953136561a5e5d116286	72611bab2d4f9acd02878228513d3b8bbe693a07fc35953136561a5e5d116286	2801	FALSE
visual_story_v001_012	New v1.2.0 presentation artifact; scientific authority unchanged.	presentation/visual-story/v001/QA/FACTUAL_REVIEW.json	f2e37f3c3f9b05f8c256ac50e08c0cfa67715467821ce4b1fde2f04cdc0160af	f2e37f3c3f9b05f8c256ac50e08c0cfa67715467821ce4b1fde2f04cdc0160af	3808	FALSE
visual_story_v001_013	New v1.2.0 presentation artifact; scientific authority unchanged.	presentation/visual-story/v001/QA/TECHNICAL_MEDIA_QA.json	9ea4758c1382f8a31a6ad6067329336feefafc35d575210f4a0e07b5d88af234	9ea4758c1382f8a31a6ad6067329336feefafc35d575210f4a0e07b5d88af234	3129	FALSE
visual_story_v001_014	New v1.2.0 presentation artifact; scientific authority unchanged.	presentation/visual-story/v001/QA/VISUAL_ACCEPTANCE.json	f7834eb0b3fb9d878808e72e3a8d2b182e5aad60935fbb06201254b196554c13	f7834eb0b3fb9d878808e72e3a8d2b182e5aad60935fbb06201254b196554c13	1423	FALSE
visual_story_v001_015	New v1.2.0 presentation artifact; scientific authority unchanged.	presentation/visual-story/v001/QA/VISUAL_QA_REPORT.md	29cb61411dff85f00c252b2288606c5013e7168fa3ba926f693839635690c098	29cb61411dff85f00c252b2288606c5013e7168fa3ba926f693839635690c098	3891	FALSE
visual_story_v001_016	New v1.2.0 presentation artifact; scientific authority unchanged.	presentation/visual-story/v001/QA/desktop_browser_review.json	1ca029cc1e286b62abb7435bac9ef718ba73b6adbcc1cb7e9447802d5be7457c	1ca029cc1e286b62abb7435bac9ef718ba73b6adbcc1cb7e9447802d5be7457c	1220	FALSE
visual_story_v001_017	New v1.2.0 presentation artifact; scientific authority unchanged.	presentation/visual-story/v001/QA/mobile_browser_review.json	b6f13dac43d88081907efbc3f89c047b224c67e4559a255801004a104befa413	b6f13dac43d88081907efbc3f89c047b224c67e4559a255801004a104befa413	1216	FALSE
visual_story_v001_018	New v1.2.0 presentation artifact; scientific authority unchanged.	presentation/visual-story/v001/QA/reduced_motion_review.json	ab27a7f271a33de0ce2d8826d61e6399a8508ae3236bb083fa50934bba23edf9	ab27a7f271a33de0ce2d8826d61e6399a8508ae3236bb083fa50934bba23edf9	50	FALSE
visual_story_v001_019	New v1.2.0 presentation artifact; scientific authority unchanged.	presentation/visual-story/v001/README.md	1d84c1b910659660b1b1dfea5ec7449ded1d371b5cde0b20b69e3b50b367c769	1d84c1b910659660b1b1dfea5ec7449ded1d371b5cde0b20b69e3b50b367c769	237	FALSE
visual_story_v001_020	New v1.2.0 presentation artifact; scientific authority unchanged.	presentation/visual-story/v001/START_HERE_RU.md	afdd4237711e614de00c917b3d894ab7492a6bc29d87779f43fd4d628d57f0fd	afdd4237711e614de00c917b3d894ab7492a6bc29d87779f43fd4d628d57f0fd	1614	FALSE
visual_story_v001_021	New v1.2.0 presentation artifact; scientific authority unchanged.	presentation/visual-story/v001/assets/hero_molecule.jpg	a6a8ca8c74b83fae159b2628f202fbc3816e66fd2e1e3ba515f38320d917bf16	a6a8ca8c74b83fae159b2628f202fbc3816e66fd2e1e3ba515f38320d917bf16	54835	FALSE
visual_story_v001_022	New v1.2.0 presentation artifact; scientific authority unchanged.	presentation/visual-story/v001/assets/story.js	75837ddc62ae4228e545b97d309a777be2817e98cb3fe26488b816573a2f7b67	75837ddc62ae4228e545b97d309a777be2817e98cb3fe26488b816573a2f7b67	263	FALSE
visual_story_v001_023	New v1.2.0 presentation artifact; scientific authority unchanged.	presentation/visual-story/v001/assets/style.css	60293f3c91574ef4faa9adf82855cef53a29d6ed1c8da0310d01f9aeb2657e2b	60293f3c91574ef4faa9adf82855cef53a29d6ed1c8da0310d01f9aeb2657e2b	5759	FALSE
visual_story_v001_024	New v1.2.0 presentation artifact; scientific authority unchanged.	presentation/visual-story/v001/index.html	13265cf5c52de031fd212e2896298f9e021fa03ad869c063cf856e028b29c457	13265cf5c52de031fd212e2896298f9e021fa03ad869c063cf856e028b29c457	44409	FALSE
visual_story_v001_025	New v1.2.0 presentation artifact; scientific authority unchanged.	presentation/visual-story/v001/media/01_proton_path_poster.jpg	cda7b2b109393ee938a57759bc629264c8eb07315d67db75b1b80f0dc48522b1	cda7b2b109393ee938a57759bc629264c8eb07315d67db75b1b80f0dc48522b1	180260	FALSE
visual_story_v001_026	New v1.2.0 presentation artifact; scientific authority unchanged.	presentation/visual-story/v001/media/02_equal_budget_poster.jpg	6530c5cd84b4c008e2541bee5a4507750e2292172728e5821229d759bc3afe02	6530c5cd84b4c008e2541bee5a4507750e2292172728e5821229d759bc3afe02	178798	FALSE
visual_story_v001_027	New v1.2.0 presentation artifact; scientific authority unchanged.	presentation/visual-story/v001/media/03_applicability_boundary_poster.jpg	909112f833979f950f292b5e87413b87c0f9413d435a15ef5be834dc752d8683	909112f833979f950f292b5e87413b87c0f9413d435a15ef5be834dc752d8683	168168	FALSE
visual_story_v001_028	New v1.2.0 presentation artifact; scientific authority unchanged.	presentation/visual-story/v001/media/04_story_teaser_poster.jpg	564d6af23168a186938217ebb122e58e0837694ac34b0a25336a58d32a5f3fc0	564d6af23168a186938217ebb122e58e0837694ac34b0a25336a58d32a5f3fc0	166096	FALSE
visual_story_v001_029	New v1.2.0 presentation artifact; scientific authority unchanged.	presentation/visual-story/v001/media/05_proton_vertical_poster.jpg	4bcb6f7e6c97152216a2b4ca89f5310f72dd27396685353280b6514fdcca926b	4bcb6f7e6c97152216a2b4ca89f5310f72dd27396685353280b6514fdcca926b	163778	FALSE
visual_story_v001_030	New v1.2.0 presentation artifact; scientific authority unchanged.	presentation/visual-story/v001/sources/CLAIM_FACTCHECK.tsv	f401e682294275ae87e6f16d69d688913a472d41c5e373e59864e12072b7c4b3	f401e682294275ae87e6f16d69d688913a472d41c5e373e59864e12072b7c4b3	23124	FALSE
visual_story_v001_031	New v1.2.0 presentation artifact; scientific authority unchanged.	presentation/visual-story/v001/sources/EDITORIAL_COUNTS.json	4d7c13a95415b3ec4bb6308ade024d0f2a906e6fd33fdfe7a106d7f17bbdc95a	4d7c13a95415b3ec4bb6308ade024d0f2a906e6fd33fdfe7a106d7f17bbdc95a	101	FALSE
visual_story_v001_032	New v1.2.0 presentation artifact; scientific authority unchanged.	presentation/visual-story/v001/sources/MEDIA_SOURCE_MANIFEST.tsv	b712c5f72a809fe66a86c0f6f67e53e3dda7a5f8b306efcc17bbe54f3f030da4	b712c5f72a809fe66a86c0f6f67e53e3dda7a5f8b306efcc17bbe54f3f030da4	5588	FALSE
visual_story_v001_033	New v1.2.0 presentation artifact; scientific authority unchanged.	presentation/visual-story/v001/sources/RENDERING.md	ad8e007e32fbffe26b9b737aa4fe42d6c89e36f07d7152a54437c7d343eab90e	ad8e007e32fbffe26b9b737aa4fe42d6c89e36f07d7152a54437c7d343eab90e	915	FALSE
visual_story_v001_034	New v1.2.0 presentation artifact; scientific authority unchanged.	presentation/visual-story/v001/sources/STORYBOARD.md	9eb80f01bda56586ff28c24e9f6324da48e0e48d246045886f7ff8a1f3458900	9eb80f01bda56586ff28c24e9f6324da48e0e48d246045886f7ff8a1f3458900	3773	FALSE
visual_story_v001_035	New v1.2.0 presentation artifact; scientific authority unchanged.	presentation/visual-story/v001/sources/THIRD_PARTY_NOTICES.md	2f579e6db4fd3cad8fa8dec653f0529e5c5866c626fd25f2fbff629ad9e57566	2f579e6db4fd3cad8fa8dec653f0529e5c5866c626fd25f2fbff629ad9e57566	671	FALSE
visual_story_v001_036	New v1.2.0 presentation artifact; scientific authority unchanged.	presentation/visual-story/v001/sources/VISUAL_SYSTEM.md	a303efe7d5f2fb8de62cd83d7c9aa4c16a0dc21c4595497134e6b16ef3457b52	a303efe7d5f2fb8de62cd83d7c9aa4c16a0dc21c4595497134e6b16ef3457b52	2296	FALSE
visual_story_v001_037	New v1.2.0 presentation artifact; scientific authority unchanged.	presentation/visual-story/v001/sources/inputs/SOURCE_MANIFEST.json	5d2b964713e4a77067fd48bd9ae1e069e0e219be5d31696de11ae94480e07c07	5d2b964713e4a77067fd48bd9ae1e069e0e219be5d31696de11ae94480e07c07	2273	FALSE
visual_story_v001_038	New v1.2.0 presentation artifact; scientific authority unchanged.	presentation/visual-story/v001/sources/inputs/editorial_baseline/TG_LONGREAD_COMPACT.md	aef932e1ea8d881c1f3f37aa988b4cb0a2629d6550a630f85ebc2e97b58efcc0	aef932e1ea8d881c1f3f37aa988b4cb0a2629d6550a630f85ebc2e97b58efcc0	11677	FALSE
visual_story_v001_039	New v1.2.0 presentation artifact; scientific authority unchanged.	presentation/visual-story/v001/sources/inputs/editorial_baseline/TG_LONGREAD_FULL.md	c2a8776287ba4ac72b945cfa5ac945d18f1a9cadfcbe683ebfed593417b6c8e7	c2a8776287ba4ac72b945cfa5ac945d18f1a9cadfcbe683ebfed593417b6c8e7	32181	FALSE
visual_story_v001_040	New v1.2.0 presentation artifact; scientific authority unchanged.	presentation/visual-story/v001/sources/inputs/editorial_baseline/TG_POST_FACTCHECK.tsv	38a4a20cc676c029525eea98ea8160e8f91d4047202a939c5fa8437373593291	38a4a20cc676c029525eea98ea8160e8f91d4047202a939c5fa8437373593291	21581	FALSE
visual_story_v001_041	New v1.2.0 presentation artifact; scientific authority unchanged.	presentation/visual-story/v001/sources/inputs/energy_profiles.tsv	b7efc556d0c4ed1109a0a4c0740decaf166159a5ee06eebc9a9d846e520b9898	b7efc556d0c4ed1109a0a4c0740decaf166159a5ee06eebc9a9d846e520b9898	3723	FALSE
visual_story_v001_042	New v1.2.0 presentation artifact; scientific authority unchanged.	presentation/visual-story/v001/sources/inputs/neb9.xyz	139d231dc033230b50b5d5dde825be523290c2f77b9ce558caa3802694c6f626	139d231dc033230b50b5d5dde825be523290c2f77b9ce558caa3802694c6f626	6971	FALSE
visual_story_v001_043	New v1.2.0 presentation artifact; scientific authority unchanged.	presentation/visual-story/v001/sources/inputs/replay228_gamma.tsv	2b670a415b50c69312ac65c350637511391d5ae02b89414563432a52731d309c	2b670a415b50c69312ac65c350637511391d5ae02b89414563432a52731d309c	6499	FALSE
visual_story_v001_044	New v1.2.0 presentation artifact; scientific authority unchanged.	presentation/visual-story/v001/sources/inputs/science_status.json	74e78df0de6d20ecf70b705bab35963ab60e50eeb0e2c3aa6260faf056c3a5bf	74e78df0de6d20ecf70b705bab35963ab60e50eeb0e2c3aa6260faf056c3a5bf	3461	FALSE
visual_story_v001_045	New v1.2.0 presentation artifact; scientific authority unchanged.	presentation/visual-story/v001/sources/inputs/seed_metrics.tsv	e1c126c51cf2da357fd52c29cb5e02c51821d96b1d29d1a4468e259f77f14443	e1c126c51cf2da357fd52c29cb5e02c51821d96b1d29d1a4468e259f77f14443	3315	FALSE
visual_story_v001_046	New v1.2.0 presentation artifact; scientific authority unchanged.	presentation/visual-story/v001/sources/inputs/serialization_guard.json	117f83be0de342281b0f4339dd68f7a28c8eb84e7565eba2d31a175872beeaaa	117f83be0de342281b0f4339dd68f7a28c8eb84e7565eba2d31a175872beeaaa	405	FALSE
visual_story_v001_047	New v1.2.0 presentation artifact; scientific authority unchanged.	presentation/visual-story/v001/sources/inputs/validation11_force.tsv	b75dbbb567ace79e2e2a768a142148a1bf78bd84153122db6fb3f7d76e14f453	b75dbbb567ace79e2e2a768a142148a1bf78bd84153122db6fb3f7d76e14f453	823	FALSE
visual_story_v001_048	New v1.2.0 presentation artifact; scientific authority unchanged.	presentation/visual-story/v001/sources/render_visual_story.py	77a9a0b85082fe7936a53fb4ea9d62e29afcd52567237749ea20f86c04143949	77a9a0b85082fe7936a53fb4ea9d62e29afcd52567237749ea20f86c04143949	24528	FALSE
visual_story_v001_049	New v1.2.0 presentation artifact; scientific authority unchanged.	presentation/visual-story/v001/text/CAPTIONS_RU.md	0691a82d4238f8e52e5253de7cf1e2e1b9281d1d33b307d823e89e6f172f87f6	0691a82d4238f8e52e5253de7cf1e2e1b9281d1d33b307d823e89e6f172f87f6	818	FALSE
visual_story_v001_050	New v1.2.0 presentation artifact; scientific authority unchanged.	presentation/visual-story/v001/text/LONGREAD_COMPACT.md	b05d8d0a2f0291ad99e715e2be8f20033fe53c7953527ca780cd49f7f1c9bf97	b05d8d0a2f0291ad99e715e2be8f20033fe53c7953527ca780cd49f7f1c9bf97	12192	FALSE
visual_story_v001_051	New v1.2.0 presentation artifact; scientific authority unchanged.	presentation/visual-story/v001/text/LONGREAD_FULL.md	546bba381b126db9d6aa49b1d8d260f3b19a070acaff4ba942db0f91b3036b6b	546bba381b126db9d6aa49b1d8d260f3b19a070acaff4ba942db0f91b3036b6b	32589	FALSE
visual_story_v001_052	New v1.2.0 presentation artifact; scientific authority unchanged.	presentation/visual-story/v001/text/MEDIA_PLACEMENT.tsv	c90dda505295022abcf1233a7e62d5a4b3a0bf6680c5bf9eec49ad3d90fe1d9b	c90dda505295022abcf1233a7e62d5a4b3a0bf6680c5bf9eec49ad3d90fe1d9b	1662	FALSE
visual_story_v001_053	New v1.2.0 presentation artifact; scientific authority unchanged.	presentation/visual-story/v001/text/TELEGRAM_READY.md	54dbdbf0a480b9ff3e05ecd0e9db0ddbbb447b53820c4d0e2e52d5a2944f4463	54dbdbf0a480b9ff3e05ecd0e9db0ddbbb447b53820c4d0e2e52d5a2944f4463	13006	FALSE
visual_story_v001_054	New v1.2.0 presentation artifact; scientific authority unchanged.	scripts/visual_story/build_story.py	349ff565cb6dfe0335dc79761453d7dd806724aad0221fc81e830c236ca1a284	349ff565cb6dfe0335dc79761453d7dd806724aad0221fc81e830c236ca1a284	38701	FALSE
visual_story_v001_055	New v1.2.0 presentation artifact; scientific authority unchanged.	scripts/visual_story/check_presentation.py	a9fe9b3c2e22e98cb8591e51d867af55f09405f1d272f5d7c51654fc0c49d6e6	a9fe9b3c2e22e98cb8591e51d867af55f09405f1d272f5d7c51654fc0c49d6e6	2292	FALSE
visual_story_v001_056	New v1.2.0 presentation artifact; scientific authority unchanged.	scripts/visual_story/render_visual_story.py	77a9a0b85082fe7936a53fb4ea9d62e29afcd52567237749ea20f86c04143949	77a9a0b85082fe7936a53fb4ea9d62e29afcd52567237749ea20f86c04143949	24528	FALSE
visual_story_v001_057	New v1.2.0 presentation artifact; scientific authority unchanged.	scripts/visual_story/verify_visual_story.py	8544c373ad75fe518fa246d9de4a2ab138396e08f320307585e0f6d3f96a2949	8544c373ad75fe518fa246d9de4a2ab138396e08f320307585e0f6d3f96a2949	8443	FALSE
