repository_path	sha256	size_bytes
scripts/audits/exact_replay_v032d_geometry_provenance_v001.py	b733bf58532c95a1e3ed8c134499418ae0ee4d5ac5bec672a9f32dbb47c6da42	62411
scripts/audits/forensic_audit_v032_v032d_geometry_provenance_v001.py	5844770f651a07ad78346a8ff75cc1d4bb3656c5124f5d3e78159aa7005671ef	71407
scripts/audits/source_oracle_replay_v032d_v004.py	9bf54aa3a74b237c0a02e74867bada8d25fda2ddf0b9acddf8ddd00ebce9ded5	78548
scripts/core_pipeline/step26_independent_neb_dft_v024.py	8d7b0eadfab692d9b470d592e2755114977427d7694a22a1766b4d5001aa9d05	56934
scripts/core_pipeline/step27_independent_neb_single_points_v025.py	0da2ab0adb62cd41b238523f928c80096f324fa47fd7f1235ad04eff84f0945a	82883
scripts/core_pipeline/step28_fresh_tube_active_selection_v026.py	67a20a7be46d45f27f505fa230ea30454c42248f2a0791cbb502c3e92095c7f5	74209
scripts/core_pipeline/step29_equal_budget_dft_labels_v027.py	b74fcc1ba3877300595d9ffe939f4913a68d1adb3a04a55c647e8aa804cd1259	93579
scripts/core_pipeline/step30_train_equal_budget_l12_v028.py	182558ec08f3daa0f0fa27e45083f2c8d0d858c50fbc1895b8f875a967aca972	68907
scripts/core_pipeline/step31_frozen_audit21_evaluation_v029.py	e775e6eadb77d0b85804c12454da67f89c4b490a18eac001a75690c901e43d8f	80255
scripts/core_pipeline/step32_final_primary_analysis_v030.py	fce3c4a64d6de10573cfea2760e5f04e9d4d0438e14dee2db836f84587126433	25352
scripts/core_pipeline/step32b_primary_metric_protocol_recovery_v030r.py	b52995134d2cccf0c1ed6084a09c6971161e62755ac204c9c884cd8e5491a087	26736
scripts/core_pipeline/step33_secondary_mtp_neb_v031.py	8162cbdc7ac362dff6c55c6f94e8acf8c3152568ffaa96ec07d0b21df77c19c9	36535
scripts/core_pipeline/step34_targeted_md_diagnostics_v032.py	ff1a2df547230c7d0595aa5e2ca79186e21722773290a156ab4d1dd12b36b2fa	37317
scripts/core_pipeline/step34c_v032_selection_interface_diagnostic_v032d.py	8585a400029d74b7c5c13c4f37220e3954b5a4d90015d4f4cbee478f80de91be	48419
scripts/core_pipeline/step35_project_closeout_v033.py	e165d6059f34f7f5609332017255413a84050b2d5b351bd87ed327e23602cb5c	25268
scripts/figures/render_figure01_equal_budget_design_focus_v019.py	48760185cbcde6e102900e4d65a03146cb045665cbf9d131b33ebae273f07abd	53654
scripts/figures/render_figure02_primary_frozen_audit_spacious_v009.py	c10fe8748d560ed1c8030566d4985cc5a6589bc3f4617842d391967af6c43b9b	65098
scripts/figures/render_figure03_deployment_applicability_text_clear_v013.py	c1bf4f335824ab749f855743b71bec901123e68f8ea73884c016666008b47424	67566
scripts/figures/render_figure04_secondary_mtp_neb_v014.py	2dc2097b35c5b3b37848a697ff66c804cc6ee6201447efa05d06c6f6e92bfdfa	74861
scripts/figures/render_supplementary_figure_s1_selection_interface_consistency_v020.py	c2a8b782a9fabec54d51ca03eb348473d1d1c4559fd06186c542062def418872	56597
scripts/figures/render_supplementary_figure_s2_applicability_grades_spacious_v022.py	d548e045893407c4aec2d48f6d644f8382becb18262c9c086e4444677a877dbc	67501
scripts/quantum/render_stage63_supplementary_figure_s3_quantum_audit_v005.py	011abea5971821ae55ec76615051bf55c84058444514ff1bce659856cd0f044c	40145
scripts/quantum/stage62_frozen_path_1d_tunneling_audit_v003.py	acd2dd39ad30c8bc29539ff501ff7641b2d7a9aaeb24ed56d102b78f1733e6a8	73397
scripts/tables/build_supplementary_table_s1_complete_numerical_audit_v023.py	0c7d1a7b4feb1a8073cfd358af17af3f89784d39b73f1bcadc0578050564d6af	71678
scripts/videos/render_supplementary_video_s1_first_update_rejection_v031.py	27159a1f356e2f8dd7a73fb94ff76b0075503f3bd5739edbb125980ead460724	45628
scripts/videos/render_video01_relaxed_path_clean_v030.py	d95f93ffb164c4ffe9f5093f2017c4a3206c27c9ac15fdb34e7e91cf5f7bf0bb	57421
scripts/videos/render_video02_proton_transfer_pbe_mep_clean_v034.py	dbcba98f2fab396082ac999e12da782d5e3bb575ddc88991dd17b5c028da074c	48601
