replay_index	gamma	above_stop
1	0.8532731765067006	False
2	0.84570649408865	False
3	0.8381292768974854	False
4	0.8305578714488498	False
5	0.8230089454264896	False
6	0.8154993875038236	False
7	0.8080462056320907	False
8	0.8006664257826761	False
9	0.7933769917101187	False
10	0.7861946678350861	False
11	0.7791359456217927	False
12	0.7732875550199471	False
13	0.7706292436797861	False
14	0.7680452919229798	False
15	0.7655468837367865	False
16	0.7631450045084281	False
17	0.760850368655718	False
18	0.7586733466726329	False
19	0.7566238916498577	False
20	0.7547114663077459	False
21	0.7529449714752381	False
22	0.7513326763835007	False
23	0.7498821517815156	False
24	0.7486002066192973	False
25	0.7474928289947184	False
26	0.7465651319862436	False
27	0.7458213050349998	False
28	0.74526457157243	False
29	0.7448971534694037	False
30	0.7447202424060502	False
31	0.7447339791148994	False
32	0.7449374404995216	False
33	0.7453286349247477	False
34	0.7459045060461116	False
35	0.7466609449802277	False
36	0.7475928111346699	False
37	0.7486939613732063	False
38	0.7499572874853477	False
39	0.7513747615585846	False
40	0.7529374889708017	False
41	0.7546357685046632	False
42	0.7564591590181908	False
43	0.7583965519503365	False
44	0.7604362490606795	False
45	0.7625660444815017	False
46	0.7647733102255879	False
47	0.7670450842267048	False
48	0.7693681601141888	False
49	0.7717291773037335	False
50	0.7741147109495158	False
51	0.7765113603231728	False
52	0.7789058349259842	False
53	0.781285037174583	False
54	0.7836361410176926	False
55	0.7859466654322088	False
56	0.788204542086386	False
57	0.7903981766406035	False
58	0.7925165028991548	False
59	0.794549029331456	False
60	0.7964858776873496	False
61	0.798317813288088	False
62	0.8000362668015017	False
63	0.8016333473821108	False
64	0.8031018473682222	False
65	0.8044352384293644	False
66	0.8056276595781854	False
67	0.8066738974736468	False
68	0.807569359433938	False
69	0.8083100399796203	False
70	0.8088924816110986	False
71	0.8093137306578272	False
72	0.8095712897098737	False
73	0.8096630672523194	False
74	0.8095873262779968	False
75	0.8093426327515869	False
76	0.8089278057889088	False
77	0.8083418705450063	False
78	0.8075840152525144	False
79	0.8066535536962741	False
80	0.8055498941205259	False
81	0.8042725153927509	False
82	0.8028209513437733	False
83	0.8011947835492201	False
84	0.799393642756366	False
85	0.7974172189170571	False
86	0.7952652794501067	False
87	0.7929376951383657	False
88	0.7904344727656134	False
89	0.7894318207268033	False
90	0.7906278704551113	False
91	0.7917073860502127	False
92	0.7926625679151823	False
93	0.7934853942398995	False
94	0.7941677457540877	False
95	0.7947015377213335	False
96	0.7950788550692242	False
97	0.7952920883543758	False
98	0.7953340668421431	False
99	0.7951981858056534	False
100	0.794878525358806	False
101	0.7834807639770244	False
102	0.7895664410072576	False
103	0.7955314578951702	False
104	0.8013585331860984	False
105	0.807031656756833	False
106	0.8125361538393744	False
107	0.8178587315407486	False
108	0.8229875069315514	False
109	0.8279120161729759	False
110	0.8326232042382196	False
111	0.8371133956147141	False
112	0.8413762460145233	False
113	0.845406676631274	False
114	0.8492007916740882	False
115	0.8527557809800603	False
116	0.8560698098005042	False
117	0.8591418975069964	False
118	0.865328019778921	False
119	0.875033029402466	False
120	0.8844375833683815	False
121	0.8935289977994425	False
122	0.9022955534458738	False
123	0.910726495181514	False
124	0.9188120278717491	False
125	0.9265433088075453	False
126	0.9339124393943972	False
127	0.9409124532561408	False
128	0.9475373038792474	False
129	0.9537818518569744	False
130	0.9596418500144552	False
131	0.9651139296055702	False
132	0.9701955862735446	False
133	0.9748851668628207	False
134	0.9791818563000506	False
135	0.9830856663580155	False
136	0.98659742524185	False
137	0.9897187683241699	False
138	0.9924521306890253	False
139	0.9948007412066688	False
140	0.9967686171649918	False
141	0.9983605617590459	False
142	0.9995821609018609	False
143	1.0004397824960853	True
144	1.000940575558663	True
145	1.0010924700706225	True
146	1.0009041765660966	True
147	1.000385185586312	True
148	0.9995457661910677	False
149	0.9983969631658106	False
150	0.9969505927071863	False
151	0.9952192351457548	False
152	0.9932162266931773	False
153	0.9909556451028516	False
154	0.9884522950143626	False
155	0.9857216866271906	False
156	0.982780011185719	False
157	0.9796441116249285	False
158	0.9763314476799219	False
159	0.9728600562342653	False
160	0.9692485058233115	False
161	0.9655158461394533	False
162	0.9616815518588994	False
163	0.957765460575086	False
164	0.9537877069403531	False
165	0.9497686505196523	False
166	0.9457287993491501	False
167	0.9416887305540395	False
168	0.9376690058250837	False
169	0.9336900839833318	False
170	0.929772232701791	False
171	0.9259354358883256	False
172	0.9221993023132035	False
173	0.9185829719623276	False
174	0.9151050238800378	False
175	0.9117833846849717	False
176	0.9086352381980972	False
177	0.9056769385600375	False
178	0.9029239258056462	False
179	0.9003906450768908	False
180	0.8980904702694792	False
181	0.8960356328440395	False
182	0.8942371552468981	False
183	0.8927047904379987	False
184	0.8914469682033775	False
185	0.8904707459445146	False
186	0.8897817690177963	False
187	0.8893842357232197	False
188	0.8892808700454221	False
189	0.8894729024176221	False
190	0.8899600576162008	False
191	0.8907405492145806	False
192	0.8918110833306075	False
193	0.8931668686862534	False
194	0.8948016348724976	False
195	0.8967076584897024	False
196	0.8988757963924154	False
197	0.9012955270783501	False
198	0.903954999311428	False
199	0.9068410881093567	False
200	0.9099394581213756	False
201	0.8372756498787903	False
202	0.8133356501673153	False
203	0.8040207645580362	False
204	0.8031781293604379	False
205	0.8024051011656843	False
206	0.8017049591158112	False
207	0.8010807357834199	False
208	0.8005352352817231	False
209	0.8000710474026823	False
210	0.7996905566356636	False
211	0.7993959465808794	False
212	0.7991891990721969	False
213	0.799072088059927	False
214	0.7990461688989852	False
215	0.79911276270623	False
216	0.7992729367497202	False
217	0.7995274812346397	False
218	0.7998768829395051	False
219	0.8003212968060714	False
220	0.8008605158774966	False
221	0.8014939407281727	False
222	0.8066627043230101	False
223	0.8183381315324486	False
224	0.8293919321649987	False
225	0.8398157554117854	False
226	0.8496021732784315	False
227	0.8587446238815759	False
228	0.86723735593789	False
