claim_id	claim	exact_source	source_sha256_or_ref	numeric_value	caveat	allowed_wording	forbidden_wording	review_status
F01	PBE is the internal computational reference	docs/LIMITATIONS.md	git:23a4af16d66b312495a0fdcd7c16cc771636f798:docs/LIMITATIONS.md;file_sha256:aa97ad959bc426baa70aef722bc80fbebe0e713cb9dc448c8ef8ea6ab1d55048	PBE	Chosen electronic-structure approximation; no experimental validation claim	Внутренний вычислительный ориентир PBE	Экспериментально точная поверхность	PASS_SOURCE_AND_CLAIM_REVIEW
F02	Equal configuration budget and model settings	${PROJECT_ROOT}/09_strict_comparison/versions/v028_equal_budget_l12_training/attempt_20260722T183142Z/summary_v028.json	source_sha256:4208c23e15a7ac469cedc650012a8f92bb40279f7b98c4a2f828240408cbe74e	L12;60=36+24 per branch	Equal configuration count, no general compute-cost equivalence	Одинаковая архитектура и число конфигураций	Одинаковая стоимость всех вычислений	PASS_SOURCE_AND_CLAIM_REVIEW
F03	Targeted pool contains all selected candidates	${PROJECT_ROOT}/09_strict_comparison/versions/v026_fresh_tube_active_selection/attempt_20260720T142653Z/summary_v026.json	source_sha256:dbd5814696499b659d8de7f32dc5d5eaa90a60f2df6a844fec7d45b88bdb386f	pool24;K24;selected24	No competitive subset-ranking test	Spatial allocation at equal data budget	MaxVol выбрал лучшие 24 из большого пула	PASS_SOURCE_AND_CLAIM_REVIEW
F04	Primary metric authority is v030r	${PROJECT_ROOT}/09_strict_comparison/versions/v030_protocol_metric_recovery/attempt_20260722T214034Z/summary_v030r.json	source_sha256:5ded6dd4af0ca969aa163479a8a14cba6419dee990454051d1b491843b70b73a	v030r	Original v030 superseded; locked pair remains historical	Исправленный основной анализ v030r	Поздние модели заменили исходные числа	PASS_SOURCE_AND_CLAIM_REVIEW
F05	Lower-endpoint barrier definition	tools/recompute_primary_metrics.py	git:23a4af16d66b312495a0fdcd7c16cc771636f798:tools/recompute_primary_metrics.py;file_sha256:ba77b53705fa396991815ab86823ac794ed9a80285b8dfdd39f554877cdfa708	max(E)-min(endpoint E)	Metric uses training-overlapping endpoints	Ошибка определённого frozen-path барьера	Полностью независимый барьерный holdout	PASS_SOURCE_AND_CLAIM_REVIEW
F06	Transition force-component metric mask	tools/recompute_primary_metrics.py	git:23a4af16d66b312495a0fdcd7c16cc771636f798:tools/recompute_primary_metrics.py;file_sha256:ba77b53705fa396991815ab86823ac794ed9a80285b8dfdd39f554877cdfa708	|qPT|<=0.15 A;3 central images	Component RMSE, not maximum per-atom force error	Декартовы компоненты трёх центральных конфигураций	Максимальная ошибка силы на всём пути	PASS_SOURCE_AND_CLAIM_REVIEW
F07	Original barrier errors	data/post_publication/FINAL_SCIENCE_STATUS.json	git:23a4af16d66b312495a0fdcd7c16cc771636f798:data/post_publication/FINAL_SCIENCE_STATUS.json;file_sha256:74e78df0de6d20ecf70b705bab35963ab60e50eeb0e2c3aa6260faf056c3a5bf	35.245734070031176;4.10039360394876 meV	Single locked stochastic model pair	Для исходной сохранённой пары	Seed-robust causal effect	PASS_SOURCE_AND_CLAIM_REVIEW
F08	Original transition force errors	data/post_publication/FINAL_SCIENCE_STATUS.json	git:23a4af16d66b312495a0fdcd7c16cc771636f798:data/post_publication/FINAL_SCIENCE_STATUS.json;file_sha256:74e78df0de6d20ecf70b705bab35963ab60e50eeb0e2c3aa6260faf056c3a5bf	0.1760826457854536;0.07868490481909637 eV/A	Single locked pair; no universal improvement	RMSE исходных locked-моделей	Targeted всегда снижает force error	PASS_SOURCE_AND_CLAIM_REVIEW
F09	Saved metric arithmetic needs no model/DFT rerun	tools/recompute_primary_metrics.py	git:23a4af16d66b312495a0fdcd7c16cc771636f798:tools/recompute_primary_metrics.py;file_sha256:ba77b53705fa396991815ab86823ac794ed9a80285b8dfdd39f554877cdfa708	0 DFT;0 inference in arithmetic	Only saved outputs reproduced	Пересчёт сохранённых CFG	Все исходные расчёты выполнены заново	PASS_SOURCE_AND_CLAIM_REVIEW
F10	NEB endpoint overlap	${PROJECT_ROOT}/12_transition_tube/versions/v072a_l2_forensic_closure_v002/attempt_20260810T002941Z/STAGE72A_L2_FORENSIC_CLOSURE_CONTRACT.json	source_sha256:a8653b37e89b5085278b47232b74c722e3bcb31f551f8197be457ac3918a3198	2 endpoints;7 interior images	Geometric comparison scope; whole Audit21 independence revoked	Две конечные геометрии пересекаются с обучением	Весь NEB9 independent holdout	PASS_SOURCE_AND_CLAIM_REVIEW
F11	Central force metric unaffected by endpoint overlap	docs/METHODS.md	git:23a4af16d66b312495a0fdcd7c16cc771636f798:docs/METHODS.md;file_sha256:7468b4cb805429ebd96a3afb1e1a2ffa7e0b4ca65a85a02dbe0c4dbfc5f722ca	3 central configurations	Barrier uses endpoints and keeps overlap caveat	Центральная force-метрика не затронута этим пересечением	Все primary metrics полностью independent	PASS_SOURCE_AND_CLAIM_REVIEW
F12	Original RNG seed was unrecorded	docs/TRAINING_RANDOMNESS.md	git:23a4af16d66b312495a0fdcd7c16cc771636f798:docs/TRAINING_RANDOMNESS.md;file_sha256:dae1c05aad6f1c0ca47d563341d916c404c8c74f745dfd5e9a3755e4c0cee0e9	v028;one original realization per branch	Saved bytes reproducible; exact stochastic retraining limitation	Seed исходного обучения не записан	Исходное обучение детерминированно	PASS_SOURCE_AND_CLAIM_REVIEW
F13	Frozen paired robustness design	docs/TRAINING_RANDOMNESS.md	git:23a4af16d66b312495a0fdcd7c16cc771636f798:docs/TRAINING_RANDOMNESS.md;file_sha256:dae1c05aad6f1c0ca47d563341d916c404c8c74f745dfd5e9a3755e4c0cee0e9	5 paired seeds;10 trainings	Post-publication audit; no best-seed selection, retries, DFT	Заранее заданные пять пар	Это первоначальный confirmatory experiment	PASS_SOURCE_AND_CLAIM_REVIEW
F14	Paired robustness ordering counts	docs/TRAINING_RANDOMNESS.md	git:23a4af16d66b312495a0fdcd7c16cc771636f798:docs/TRAINING_RANDOMNESS.md;file_sha256:dae1c05aad6f1c0ca47d563341d916c404c8c74f745dfd5e9a3755e4c0cee0e9	4/5 barrier;3/5 force;3/5 both	Small paired audit; no universal/statistical probability claim	Порядок зависит от training seed	Доказано универсальное превосходство targeted	PASS_SOURCE_AND_CLAIM_REVIEW
F15	Seed sensitivity is terminal robustness interpretation	data/post_publication/FINAL_SCIENCE_STATUS.json	git:23a4af16d66b312495a0fdcd7c16cc771636f798:data/post_publication/FINAL_SCIENCE_STATUS.json;file_sha256:74e78df0de6d20ecf70b705bab35963ab60e50eeb0e2c3aa6260faf056c3a5bf	SEED_SENSITIVE	Original v030r values unchanged	Результат сохранённой пары и sensitivity различаются	Исходные цифры заменены лучшим seed	PASS_SOURCE_AND_CLAIM_REVIEW
F16	Historical training/evaluation order was nonconforming	docs/TRAINING_RANDOMNESS.md	git:23a4af16d66b312495a0fdcd7c16cc771636f798:docs/TRAINING_RANDOMNESS.md;file_sha256:dae1c05aad6f1c0ca47d563341d916c404c8c74f745dfd5e9a3755e4c0cee0e9	9 evaluations before last training finished	Fixed seeds and matching outputs do not erase the deviation	Исторический порядок остаётся nonconforming	Исторический run соответствовал train-all-then-evaluate	PASS_SOURCE_AND_CLAIM_REVIEW
F17	Completed evaluation-only repair	data/robustness/v028_seed_robustness_v001/EVALUATION_ORDER_REPAIR_SUMMARY.json	git:23a4af16d66b312495a0fdcd7c16cc771636f798:data/robustness/v028_seed_robustness_v001/EVALUATION_ORDER_REPAIR_SUMMARY.json;file_sha256:b032e9af1ed3a0393dcb84ebdd769c1c61ea7b0306950ef6f2c8cc030d337b50	10 extra calc-efs;10/10 identical;max metric delta0;training/DFT/dynamics0	Initial ten and repair ten evaluations are distinct	Отдельная оценка уже обученных моделей	Обучения были повторены или deviation стёрт	PASS_SOURCE_AND_CLAIM_REVIEW
F18	Six first attempted update rejections	${PROJECT_ROOT}/09_strict_comparison/versions/v032k_v032d_cfgblock_source_oracle_replay/attempt_20260726T145013Z/summary_v004.json	source_sha256:ccde540dd58ad26ff7e6483a124c3c562f08353b2691ef1ff965d36319c5a1a0	6 cases;100/300/500 K;two minima	No usable free trajectory or DFT force error on original frames	Applicability rejection сохранённых обновлений	Шесть траекторий валидированы или силы доказанно неточны	PASS_SOURCE_AND_CLAIM_REVIEW
F19	Early interface-defect interpretation superseded	${PROJECT_ROOT}/09_strict_comparison/versions/v032_selection_interface_diagnostic/attempt_20260723T001022Z/summary_v032d.json	source_sha256:2ccc270875738b63b382db4ad2b89d63c6d773aa6cc91e25564276da5fee2b66	v032d supersedes v032r interpretation	Source-oracle corroboration concerns captured exact geometry	Поздняя проверка отменила ранний вывод об interface defect	Доказан неисправный selection interface	PASS_SOURCE_AND_CLAIM_REVIEW
F20	Stage69 continuation and adaptive stages	docs/POST_PUBLICATION_CONTINUATION.md	git:23a4af16d66b312495a0fdcd7c16cc771636f798:docs/POST_PUBLICATION_CONTINUATION.md;file_sha256:b2b61e1b5c931bdddb93659e960eb6f2e49db6bb2521037c61e8fc10f262e77a	Stage69->Stage91	Later remediation is adaptive model development	Отдельный continuation protocol и дальнейшее развитие	Один неизменный confirmatory experiment	PASS_SOURCE_AND_CLAIM_REVIEW
F21	Tube92 Gate0 pass and Gate1 failure	${PROJECT_ROOT}/12_transition_tube/versions/v076b_gate1_six_100_step_runs_execution_v001r1/attempt_20260907T171136Z/STAGE76B_TERMINAL_DECISION.json	source_sha256:b1cfb7da04cba3711cf2f29cc1cb47d8ecbd2be56baf303229e584000ef2c327	Gate0 six conditions;Gate1 T100_left step4	Historical gate FAIL retained despite later local force audit	Локальный Gate0 PASS;последующий Gate1 FAIL	Исторический Gate1 стал PASS	PASS_SOURCE_AND_CLAIM_REVIEW
F22	Original Stage85B superseded by corrected energy-row R1	${PROJECT_ROOT}/12_transition_tube/versions/v085b_selector_equation_adequacy_execution_v001/attempt_20260909T163948Z/STAGE85B_TERMINAL_DECISION.json	source_sha256:d26ca0f39c817621407de948ff7bb0ef53b70ba15a8a67c51d514d25837b94b5	original Stage85B->v085b2 R1	Implementation correction does not preserve original inference as authoritative	Прежняя интерпретация superseded	Исходный Stage85B подтверждает действующий force-aware вывод	PASS_SOURCE_AND_CLAIM_REVIEW
F23	Tube92 local PBE5 force errors below A2	${PROJECT_ROOT}/12_transition_tube/versions/v086c_gate1_pbe5_interpretation_closure_v001/attempt_20260910T062442Z/STAGE86C_INTERPRETATION_CONTRACT.json	source_sha256:bfbdde57cf14ce2f12fb5ccae1c0d7aa1ee064ca3d6468740d3d231617e43cd2	steps0-4;max RMSE0.012370990396989308 eV/A;A2 0.09	Tube92 T100_left steps0-4 only; source contract explicitly forbids global accuracy/other-condition inference.	На конкретном PBE5-сегменте локальный accuracy fail не corroborated	Original targeted60/all conditions have these errors	PASS_SOURCE_AND_CLAIM_REVIEW
F24	Calibration22 is descriptive and local	${PROJECT_ROOT}/12_transition_tube/versions/v088c_calibration22_interpretation_closure_v001/attempt_20260911T135711Z/STAGE88C_TERMINAL_DECISION.json	source_sha256:69ba0372069435572aabc0b524ac3e60ad46abe2660d23e21476f8acb3b584bf	22 linked local configurations	No inferential p-values or universal calibration; condition-specific behavior	Локальная descriptive calibration	Gamma универсально предсказывает DFT error	PASS_SOURCE_AND_CLAIM_REVIEW
F25	Gamma is applicability/coverage diagnostic	docs/POST_PUBLICATION_CONTINUATION.md	git:23a4af16d66b312495a0fdcd7c16cc771636f798:docs/POST_PUBLICATION_CONTINUATION.md;file_sha256:b2b61e1b5c931bdddb93659e960eb6f2e49db6bb2521037c61e8fc10f262e77a	gamma != force error	Frozen stopping rule remains binding; no post-result threshold relaxation	Диагностика покрытия и применимости	Gamma является physical force-error threshold	PASS_SOURCE_AND_CLAIM_REVIEW
F26	Late model lineage and Replay228 development use	docs/POST_PUBLICATION_CONTINUATION.md	git:23a4af16d66b312495a0fdcd7c16cc771636f798:docs/POST_PUBLICATION_CONTINUATION.md;file_sha256:b2b61e1b5c931bdddb93659e960eb6f2e49db6bb2521037c61e8fc10f262e77a	Train109/112/115/119;Replay228	Repeated adaptive localization/remediation	Development benchmark	Untouched final holdout	PASS_SOURCE_AND_CLAIM_REVIEW
F27	Train119 deterministic primary/replay identity	docs/POST_PUBLICATION_CONTINUATION.md	git:23a4af16d66b312495a0fdcd7c16cc771636f798:docs/POST_PUBLICATION_CONTINUATION.md;file_sha256:b2b61e1b5c931bdddb93659e960eb6f2e49db6bb2521037c61e8fc10f262e77a	byte-identical models	Determinism is not generalization/deployment acceptance	Модели побайтно идентичны	Детерминизм доказывает применимость	PASS_SOURCE_AND_CLAIM_REVIEW
F28	Validation11 independence adjudicated before execution	${PROJECT_ROOT}/12_transition_tube/versions/v091ia_validation11_independence_adjudication_v001/attempt_20261002T062955Z/STAGE91IA_ADJUDICATION.json	source_sha256:5f58e9b12ddbe494edea542b7a2a7ec25122e7a7fc9b87483fcf7c9034f7f0e6	1 exact overlap;2 near cases;11 membership unchanged	Near cases are not automatically exact duplicates; numerical contract unchanged	Frozen diagnostic with known overlap	11 independent unseen holdout geometries	PASS_SOURCE_AND_CLAIM_REVIEW
F29	Train119 fresh stop and replay crossings	data/post_publication/FINAL_SCIENCE_STATUS.json	git:23a4af16d66b312495a0fdcd7c16cc771636f798:data/post_publication/FINAL_SCIENCE_STATUS.json;file_sha256:74e78df0de6d20ecf70b705bab35963ab60e50eeb0e2c3aa6260faf056c3a5bf	stop1.0000012996964838;crossings5;indices143-147	Numerical applicability gate; Replay228 adaptive	Пять превышений frozen stop	Пять доказанных force-accuracy failures	PASS_SOURCE_AND_CLAIM_REVIEW
F30	Train119 replay maximum gamma	${PROJECT_ROOT}/13_completion_20261002/final_reconciliation/versions/v001/attempt_20261004T233409Z/evidence/INDEPENDENT_SAVED_SCIENCE_RECOMPUTATION.json	source_sha256:c8933ce6ecec9b5791d92ccff4f0ab11f078219970cf6fa1e364577ace49dda2	1.0010924700706225	Independently recomputed saved data; no new inference; nonindependence and formal pair-serialization failure preserved.	Максимум по сохранённым Replay228 grades	Новый gamma вычислен MLIP в reconciliation	PASS_SOURCE_AND_CLAIM_REVIEW
F31	Saved Validation11 force payload	${PROJECT_ROOT}/13_completion_20261002/final_reconciliation/versions/v001/attempt_20261004T233409Z/evidence/INDEPENDENT_SAVED_SCIENCE_RECOMPUTATION.json	source_sha256:c8933ce6ecec9b5791d92ccff4f0ab11f078219970cf6fa1e364577ace49dda2	11/11 below0.09;max0.027210918763907334 eV/A	Independently recomputed saved data; no new inference; nonindependence and formal pair-serialization failure preserved.	A2 diagnostic on saved complete payload	Independent final generalization PASS	PASS_SOURCE_AND_CLAIM_REVIEW
F32	Formal pair-distance serialization violation	docs/POST_PUBLICATION_CONTINUATION.md	git:23a4af16d66b312495a0fdcd7c16cc771636f798:docs/POST_PUBLICATION_CONTINUATION.md;file_sha256:b2b61e1b5c931bdddb93659e960eb6f2e49db6bb2521037c61e8fc10f262e77a	1.128283744e-6 A >1.1e-6 A	Frozen tolerance not relaxed; arithmetic verified without new inference	Formal guard FAIL retained	Tolerance adjusted to turn result into PASS	PASS_SOURCE_AND_CLAIM_REVIEW
F33	Train119 terminal negative result	data/post_publication/FINAL_SCIENCE_STATUS.json	git:23a4af16d66b312495a0fdcd7c16cc771636f798:data/post_publication/FINAL_SCIENCE_STATUS.json;file_sha256:74e78df0de6d20ecf70b705bab35963ab60e50eeb0e2c3aa6260faf056c3a5bf	STATIC_APPLICABILITY_FAIL	Force-accuracy failure not established	Отрицательный frozen coverage outcome	Train119 deployment-ready или доказанно inaccurate forces	PASS_SOURCE_AND_CLAIM_REVIEW
F34	Fail-closed missing experiments remain unexecuted	data/post_publication/FINAL_SCIENCE_STATUS.json	git:23a4af16d66b312495a0fdcd7c16cc771636f798:data/post_publication/FINAL_SCIENCE_STATUS.json;file_sha256:74e78df0de6d20ecf70b705bab35963ab60e50eeb0e2c3aa6260faf056c3a5bf	Challenge4 evaluation/Gate1/long dynamics/Blind12 not run after stop	No absent result replaced by zero/PASS; no ongoing remediation	Lineage закрыта без дальнейшего Train119 science	Невыполненные проверки прошли или требуют автоматического запуска	PASS_SOURCE_AND_CLAIM_REVIEW
F35	Auditor substring bug distinct from model failure	${PROJECT_ROOT}/12_transition_tube/versions/v090j_stage90i_partial_selector_calibration_failure_independent_recovery_review_v001/attempt_20260914T182322Z/STAGE90J_REVIEW_VERDICT.json	source_sha256:f854bce548558c135b3be179ce7e8f4a7677eb1987552d932a84f0ea2d5ec0d6	PASS_STAGE90J...FAILURE;90K recovery closure	Previous Stage90I technical failure belongs to another stage	Успешные review/closure;модель не promoted	Исправление ledger исправило potential	PASS_SOURCE_AND_CLAIM_REVIEW
F36	Accepted V005 source-based ledger corrections	${PROJECT_ROOT}/13_completion_20261002/01_CANONICAL_LEDGER/v005_semantic_reconciliation/INDEPENDENT_REVIEW.json	source_sha256:aab5daae4ad661b89a9717a5017c2c77249edbb20d4522ed84840f1facb1671d	7 class changes;21 bindings;313 independent checks	Independent live-source semantics review; published V005 is sanitized; not a full raw-tree audit or a new physical calculation.	Принятый и опубликованный V005; научные исходы сохранены	Каждый байт 80 GB и каждый расчёт независимо воспроизведены	PASS_SOURCE_AND_CLAIM_REVIEW
F37	Coverage and retained uncertainty	${PROJECT_ROOT}/13_completion_20261002/01_CANONICAL_LEDGER/v005_semantic_reconciliation/INDEPENDENT_REVIEW.json	source_sha256:aab5daae4ad661b89a9717a5017c2c77249edbb20d4522ed84840f1facb1671d	290 identities;235 bound;55 inventory-only;12 scientific-negative records	Independent live-source semantics review; published V005 is sanitized; not a full raw-tree audit or a new physical calculation.	Принятый и опубликованный V005; научные исходы сохранены	Каждый байт 80 GB и каждый расчёт независимо воспроизведены	PASS_SOURCE_AND_CLAIM_REVIEW
F38	Clean-clone compact reproducibility boundary	docs/REPRODUCIBILITY_STATUS.md	git:23a4af16d66b312495a0fdcd7c16cc771636f798:docs/REPRODUCIBILITY_STATUS.md;file_sha256:e459dd84ca3054dd85896208eea6e8a50836b3ed28862dc769f97e12a363346a	figures/table/quantum;3 videos need ffmpeg	Current v1.1.2 public-tag clean clone actually rendered figures/table/unchanged frozen quantum and all three videos with ffmpeg; raw full science remains external.	Что поддерживает опубликованный compact package	Новое v1.1.2 воспроизведение уже завершено	PASS_SOURCE_AND_CLAIM_REVIEW
F39	CI actual rendering and exclusions	docs/CI_SCOPE.md	git:23a4af16d66b312495a0fdcd7c16cc771636f798:docs/CI_SCOPE.md;file_sha256:8606cdd5a9f22c18309c5114d93f6dc9b1917f7abc257b10c674fe254353312b	figure/table/frozen quantum actual render;video input validation	No QE/training/LAMMPS/dynamics in CI	Зелёный CI относится к compact boundary	CI повторяет весь scientific project	PASS_SOURCE_AND_CLAIM_REVIEW
F40	1D H/D diagnostic is not a tunneling rate	docs/METHODS.md	git:23a4af16d66b312495a0fdcd7c16cc771636f798:docs/METHODS.md;file_sha256:7468b4cb805429ebd96a3afb1e1a2ffa7e0b4ca65a85a02dbe0c4dbfc5f722ca	1D frozen path H/D	Stationary spectral diagnostic; no full-dimensional dynamics/rate	Одномерный spectral diagnostic	Вычислена физическая скорость туннелирования	PASS_SOURCE_AND_CLAIM_REVIEW
F41	External software and exact original retraining limits	docs/SOFTWARE_PROVENANCE.md	git:23a4af16d66b312495a0fdcd7c16cc771636f798:docs/SOFTWARE_PROVENANCE.md;file_sha256:031209d3c3d764c0f5971f30fb30eac88d01d9c19616bde37d66ed87295266af	external QE/MLIP;UPF not redistributed	Private raw lineage and unrecorded original RNG constrain exact full reproduction	Явно заданная reproducibility boundary	Полный проект containerized and independently rerun	PASS_SOURCE_AND_CLAIM_REVIEW
F42	Final corrective release link	${PROJECT_ROOT}/13_completion_20261002/final_reconciliation/versions/v001/attempt_20261004T233409Z/github/RELEASE_METADATA.json	source_sha256:48f12149f753a60765935e6f50e78f7e90acc90f4bd8d5653c543b98e08fdad5	v1.1.2;tag/merge 8f9f8954b4fee3a743f09a3324cc35e1075b035f	Actual published release, exact tag Actions and fresh public-tag render verified.	https://github.com/spicmaff/malonaldehyde-transition-sampling/releases/tag/v1.1.2	Старый CI доказывает качество нового patch	PASS_SOURCE_AND_CLAIM_REVIEW
