record_identity	old_class	new_class	old_authority	old_authority_sha256	source_path	source_sha256	change_kind	rationale	reviewer_result
09_strict_comparison/v024_independent_neb_dft|${PROJECT_ROOT}/09_strict_comparison/versions/v024_independent_neb_dft/attempt_20260718T190948Z	AUTHORITATIVE_WITH_CAVEAT	TECHNICAL_FAIL	${PROJECT_ROOT}/09_strict_comparison/versions/v024_independent_neb_dft/attempt_20260718T190948Z/summary_v024.json	5e0ef356864d26b13d7ceee0c80c23cfebec7ce5d6abbeef087a55d623cc4ba1	${PROJECT_ROOT}/09_strict_comparison/versions/v024_independent_neb_dft/attempt_20260718T190948Z/summary_v024.json	5e0ef356864d26b13d7ceee0c80c23cfebec7ce5d6abbeef087a55d623cc4ba1	CLASS_ONLY	Process exit 137 is a failed NEB execution attempt, not authoritative converged NEB evidence. The separate successful attempt is preserved.	PASS_INDEPENDENT_SOURCE_REVIEW_313_CHECKS
12_transition_tube/v072a_static_gate_b_tube76_v001|${PROJECT_ROOT}/12_transition_tube/versions/v072a_static_gate_b_tube76_v001/work_20260809T231213Z	SCIENTIFIC_FAIL	SCIENTIFIC_FAIL	NO_TERMINAL_RECORD_LOCATED		${PROJECT_ROOT}/12_transition_tube/versions/v072a_static_gate_b_tube76_v001/work_20260809T231213Z/PHASE_STATE.json	4cebda982d74516bcf87748a524776fc8a07b795d1669ff0f75ca844ce04db36	SOURCE_BINDING_ONLY	Replace unresolved/partial authority binding with authenticated own source, or successor evidence explicitly naming the historical failure.	PASS_INDEPENDENT_SOURCE_REVIEW_313_CHECKS
12_transition_tube/v075b_tube92_static_preservation_gate0_execution_v001|${PROJECT_ROOT}/12_transition_tube/versions/v075b_tube92_static_preservation_gate0_execution_v001/attempt_20260906T003945Z	TECHNICAL_FAIL	TECHNICAL_FAIL	NO_TERMINAL_RECORD_LOCATED		${PROJECT_ROOT}/12_transition_tube/versions/v075b_tube92_static_preservation_gate0_execution_v001/attempt_20260906T003945Z/STAGE75B_EXECUTION_EXCEPTION.json	ca741486cde3ee91caf2189beaeba707cae6e568e718a94f866d6762df66d015	SOURCE_BINDING_ONLY	Replace unresolved/partial authority binding with authenticated own source, or successor evidence explicitly naming the historical failure.	PASS_INDEPENDENT_SOURCE_REVIEW_313_CHECKS
12_transition_tube/v075b_tube92_static_preservation_gate0_execution_v001r1|${PROJECT_ROOT}/12_transition_tube/versions/v075b_tube92_static_preservation_gate0_execution_v001r1/attempt_20260906T004506Z	TECHNICAL_FAIL	TECHNICAL_FAIL	${PROJECT_ROOT}/12_transition_tube/versions/v075b_tube92_static_preservation_gate0_execution_v001r1/attempt_20260906T004506Z/GATE0_INPUT_FREEZE.json	6febb5b23a52d71807a2241acb9886e4e1a3e7bbe8ec746652af939f2408b0e3	${PROJECT_ROOT}/12_transition_tube/versions/v075b_tube92_static_preservation_gate0_execution_v001r1/attempt_20260906T004506Z/STAGE75B_EXECUTION_EXCEPTION.json	ba77329eb7d32f59c17ae536a10fa18380f86f3f474ebd942eb4e26bcce07037	SOURCE_BINDING_ONLY	Replace unresolved/partial authority binding with authenticated own source, or successor evidence explicitly naming the historical failure.	PASS_INDEPENDENT_SOURCE_REVIEW_313_CHECKS
12_transition_tube/v076e_gate1_failure_postmortem_execution_v001|${PROJECT_ROOT}/12_transition_tube/versions/v076e_gate1_failure_postmortem_execution_v001/attempt_20260907T180456Z	SCIENTIFIC_FAIL	AUTHORITATIVE_WITH_CAVEAT	${PROJECT_ROOT}/12_transition_tube/versions/v076e_gate1_failure_postmortem_execution_v001/attempt_20260907T180456Z/STAGE76E_TERMINAL_DECISION.json	35bba87c29f3993389db24d247ea2918b228857c1f6706f59cd015379a8099fb	${PROJECT_ROOT}/12_transition_tube/versions/v076e_gate1_failure_postmortem_execution_v001/attempt_20260907T180456Z/STAGE76E_TERMINAL_DECISION.json	35bba87c29f3993389db24d247ea2918b228857c1f6706f59cd015379a8099fb	CLASS_ONLY	Successful read-only postmortem; own failure_class is null and grade replay passed. Historical Stage76B Gate1 FAIL remains unchanged.	PASS_INDEPENDENT_SOURCE_REVIEW_313_CHECKS
12_transition_tube/v089d1_train109_selector_execution_postwrite_calibration_guard_recovery_v001|${PROJECT_ROOT}/12_transition_tube/versions/v089d1_train109_selector_execution_postwrite_calibration_guard_recovery_v001/attempt_20260912T102918Z	TECHNICAL_FAIL	TECHNICAL_FAIL	NO_TERMINAL_RECORD_LOCATED		${PROJECT_ROOT}/12_transition_tube/versions/v089d1_train109_selector_execution_postwrite_calibration_guard_recovery_v001/attempt_20260912T102918Z/TECHNICAL_FAILURE.json	30bc3c46fb5a6afd70ccd7eff7ee811fec64a5cce8ff53215cdfa54e73688aa1	SOURCE_BINDING_ONLY	Replace unresolved/partial authority binding with authenticated own source, or successor evidence explicitly naming the historical failure.	PASS_INDEPENDENT_SOURCE_REVIEW_313_CHECKS
12_transition_tube/v089d_train109_force_aware_selector_rebuild_holdout5_validation_execution_v001|${PROJECT_ROOT}/12_transition_tube/versions/v089d_train109_force_aware_selector_rebuild_holdout5_validation_execution_v001/attempt_20260912T095425Z	TECHNICAL_FAIL	TECHNICAL_FAIL	NO_TERMINAL_RECORD_LOCATED		${PROJECT_ROOT}/12_transition_tube/versions/v089d_train109_force_aware_selector_rebuild_holdout5_validation_execution_v001/attempt_20260912T095425Z/TECHNICAL_FAILURE.json	0a3089dd2878ea61f93809ff5f1e58cae4de3be05d95d5415a3136e9c64f0385	SOURCE_BINDING_ONLY	Replace unresolved/partial authority binding with authenticated own source, or successor evidence explicitly naming the historical failure.	PASS_INDEPENDENT_SOURCE_REVIEW_313_CHECKS
12_transition_tube/v089n_train112_local_remediation_protocol_freeze_v001|${PROJECT_ROOT}/12_transition_tube/versions/v089n_train112_local_remediation_protocol_freeze_v001/attempt_20260913T012208Z	TECHNICAL_FAIL	TECHNICAL_FAIL	NO_TERMINAL_RECORD_LOCATED		${PROJECT_ROOT}/12_transition_tube/versions/v089n_r1_train112_local_remediation_protocol_freeze_serialization_guard_repair_v001/attempt_20260913T124617Z/STAGE89N_R1_TERMINAL_DECISION.json	594952dddf04f694b53c269545a752d1fb184a91c8011238cbc3f4895679c8ac	SOURCE_BINDING_ONLY	Replace unresolved/partial authority binding with authenticated own source, or successor evidence explicitly naming the historical failure.	PASS_INDEPENDENT_SOURCE_REVIEW_313_CHECKS
12_transition_tube/v089s_train112_selector_rebuild_and_validation_execution_v001|${PROJECT_ROOT}/12_transition_tube/versions/v089s_train112_selector_rebuild_and_validation_execution_v001/attempt_20260913T184726Z	TECHNICAL_FAIL	TECHNICAL_FAIL	NO_TERMINAL_RECORD_LOCATED		${PROJECT_ROOT}/12_transition_tube/versions/v089s_train112_selector_rebuild_and_validation_execution_v001/attempt_20260913T184726Z/TECHNICAL_FAILURE.json	399d8b9acc978c218472aac402963c6bd799c27be210c8de2fc86943518b8555	SOURCE_BINDING_ONLY	Replace unresolved/partial authority binding with authenticated own source, or successor evidence explicitly naming the historical failure.	PASS_INDEPENDENT_SOURCE_REVIEW_313_CHECKS
12_transition_tube/v089t_r1_stage89s_technical_failure_independent_recovery_review_header_schema_repair_v001|${PROJECT_ROOT}/12_transition_tube/versions/v089t_r1_stage89s_technical_failure_independent_recovery_review_header_schema_repair_v001/attempt_20260913T194808Z	TECHNICAL_FAIL	AUTHORITATIVE_WITH_CAVEAT	${PROJECT_ROOT}/12_transition_tube/versions/v089t_r1_stage89s_technical_failure_independent_recovery_review_header_schema_repair_v001/attempt_20260913T194808Z/STAGE89T_R1_REVIEW_VERDICT.json	ab9a0cead760b2998f482d5a21f3af47e8d853d6593e671e3a573baca52384e0	${PROJECT_ROOT}/12_transition_tube/versions/v089t_r1_stage89s_technical_failure_independent_recovery_review_header_schema_repair_v001/attempt_20260913T194808Z/STAGE89T_R1_REVIEW_VERDICT.json	ab9a0cead760b2998f482d5a21f3af47e8d853d6593e671e3a573baca52384e0	CLASS_ONLY	Successful R1 recovery review of Stage89S technical failure, explicitly scientific_failure_established=false. Earlier failed review remains TECHNICAL_FAIL.	PASS_INDEPENDENT_SOURCE_REVIEW_313_CHECKS
12_transition_tube/v089t_stage89s_technical_failure_independent_recovery_review_v001|${PROJECT_ROOT}/12_transition_tube/versions/v089t_stage89s_technical_failure_independent_recovery_review_v001/attempt_20260913T193332Z	TECHNICAL_FAIL	TECHNICAL_FAIL	NO_TERMINAL_RECORD_LOCATED		${PROJECT_ROOT}/12_transition_tube/versions/v089t_r1_stage89s_technical_failure_independent_recovery_review_header_schema_repair_v001/attempt_20260913T194808Z/STAGE89T_R1_REVIEW_VERDICT.json	ab9a0cead760b2998f482d5a21f3af47e8d853d6593e671e3a573baca52384e0	SOURCE_BINDING_ONLY	Replace unresolved/partial authority binding with authenticated own source, or successor evidence explicitly naming the historical failure.	PASS_INDEPENDENT_SOURCE_REVIEW_313_CHECKS
12_transition_tube/v089u_stage89s_technical_failure_interpretation_closure_v001|${PROJECT_ROOT}/12_transition_tube/versions/v089u_stage89s_technical_failure_interpretation_closure_v001/attempt_20260913T212543Z	TECHNICAL_FAIL	AUTHORITATIVE_WITH_CAVEAT	${PROJECT_ROOT}/12_transition_tube/versions/v089u_stage89s_technical_failure_interpretation_closure_v001/attempt_20260913T212543Z/STAGE89U_TERMINAL_DECISION.json	47689c4b29bf90aa0b965da34f3439cebc21680ae745394095802c7d83f1ad6b	${PROJECT_ROOT}/12_transition_tube/versions/v089u_stage89s_technical_failure_interpretation_closure_v001/attempt_20260913T212543Z/STAGE89U_TERMINAL_DECISION.json	47689c4b29bf90aa0b965da34f3439cebc21680ae745394095802c7d83f1ad6b	CLASS_ONLY	Successful interpretation closure of Stage89S technical failure; no gamma or A2 adjudication and no model promotion.	PASS_INDEPENDENT_SOURCE_REVIEW_313_CHECKS
12_transition_tube/v090i_train115_force_scale_selector_and_validation_execution_v001|${PROJECT_ROOT}/12_transition_tube/versions/v090i_train115_force_scale_selector_and_validation_execution_v001/attempt_20260914T181248Z	TECHNICAL_FAIL	TECHNICAL_FAIL	NO_TERMINAL_RECORD_LOCATED		${PROJECT_ROOT}/12_transition_tube/versions/v090i_train115_force_scale_selector_and_validation_execution_v001/attempt_20260914T181248Z/TECHNICAL_FAILURE.json	c548ce9fd27e7da8e94aa1a3e1debfcfbb5a1306ba1339dff576855eafc9c148	SOURCE_BINDING_ONLY	Replace unresolved/partial authority binding with authenticated own source, or successor evidence explicitly naming the historical failure.	PASS_INDEPENDENT_SOURCE_REVIEW_313_CHECKS
12_transition_tube/v090j_stage90i_partial_selector_calibration_failure_independent_recovery_review_v001|${PROJECT_ROOT}/12_transition_tube/versions/v090j_stage90i_partial_selector_calibration_failure_independent_recovery_review_v001/attempt_20260914T182322Z	SCIENTIFIC_FAIL	AUTHORITATIVE_WITH_CAVEAT	${PROJECT_ROOT}/12_transition_tube/versions/v090j_stage90i_partial_selector_calibration_failure_independent_recovery_review_v001/attempt_20260914T182322Z/STAGE90J_REVIEW_VERDICT.json	f854bce548558c135b3be179ce7e8f4a7677eb1987552d932a84f0ea2d5ec0d6	${PROJECT_ROOT}/12_transition_tube/versions/v090j_stage90i_partial_selector_calibration_failure_independent_recovery_review_v001/attempt_20260914T182322Z/STAGE90J_REVIEW_VERDICT.json	f854bce548558c135b3be179ce7e8f4a7677eb1987552d932a84f0ea2d5ec0d6	CLASS_ONLY	Successful recovery review of Stage90I partial calibration failure. Reviewed failure belongs to Stage90I; no new scientific outcome was adjudicated.	PASS_INDEPENDENT_SOURCE_REVIEW_313_CHECKS
12_transition_tube/v090k_stage90i_partial_selector_calibration_failure_interpretation_closure_v001|${PROJECT_ROOT}/12_transition_tube/versions/v090k_stage90i_partial_selector_calibration_failure_interpretation_closure_v001/attempt_20260914T184023Z	SCIENTIFIC_FAIL	AUTHORITATIVE_WITH_CAVEAT	${PROJECT_ROOT}/12_transition_tube/versions/v090k_stage90i_partial_selector_calibration_failure_interpretation_closure_v001/attempt_20260914T184023Z/STAGE90K_TERMINAL_DECISION.json	54368d3497c29daf131fdd95bdad1b31d3e16921f9c890cb9b34f68ba43816db	${PROJECT_ROOT}/12_transition_tube/versions/v090k_stage90i_partial_selector_calibration_failure_interpretation_closure_v001/attempt_20260914T184023Z/STAGE90K_TERMINAL_DECISION.json	54368d3497c29daf131fdd95bdad1b31d3e16921f9c890cb9b34f68ba43816db	CLASS_ONLY	Successful closure identifying obsolete Train92 cardinality guard. No force/gamma adjudication or deployment pass.	PASS_INDEPENDENT_SOURCE_REVIEW_313_CHECKS
12_transition_tube/v090m_stage90i_recovery_continuation_execution_v001|${PROJECT_ROOT}/12_transition_tube/versions/v090m_stage90i_recovery_continuation_execution_v001/attempt_20260914T190725Z	TECHNICAL_FAIL	TECHNICAL_FAIL	NO_TERMINAL_RECORD_LOCATED		${PROJECT_ROOT}/12_transition_tube/versions/v090m_stage90i_recovery_continuation_execution_v001/attempt_20260914T190725Z/TECHNICAL_FAILURE.json	330dd0f6c9dd74fb8117f9a3108d20d748206efd20530fa2d2a149a199408117	SOURCE_BINDING_ONLY	Replace unresolved/partial authority binding with authenticated own source, or successor evidence explicitly naming the historical failure.	PASS_INDEPENDENT_SOURCE_REVIEW_313_CHECKS
12_transition_tube/v090q_validation11_single_calc_efs_recovery_execution_v001|${PROJECT_ROOT}/12_transition_tube/versions/v090q_validation11_single_calc_efs_recovery_execution_v001/attempt_20260914T202151Z	EXPLORATORY	TECHNICAL_FAIL	NO_TERMINAL_RECORD_LOCATED		${PROJECT_ROOT}/12_transition_tube/versions/v090q_validation11_single_calc_efs_recovery_execution_v001/attempt_20260914T202151Z/TECHNICAL_FAILURE.json	a189f58b21965b60c3e367511768e30168453da1f89856799f21ee0a84591996	CLASS_AND_SOURCE	Own TECHNICAL_FAILURE.json establishes pair-distance serialization nonconformance after one saved Validation11 evaluation. Static applicability failure is separately carried forward.	PASS_INDEPENDENT_SOURCE_REVIEW_313_CHECKS
12_transition_tube/v091ia_validation11_independence_adjudication_v001|${PROJECT_ROOT}/12_transition_tube/versions/v091ia_validation11_independence_adjudication_v001/attempt_20261002T062955Z	AUTHORITATIVE_WITH_CAVEAT	AUTHORITATIVE_WITH_CAVEAT	POST_COMPLETION_AUTHORITY		${PROJECT_ROOT}/12_transition_tube/versions/v091ia_validation11_independence_adjudication_v001/attempt_20261002T062955Z/STAGE91IA_ADJUDICATION.json	5f58e9b12ddbe494edea542b7a2a7ec25122e7a7fc9b87483fcf7c9034f7f0e6	SOURCE_BINDING_ONLY	Replace unresolved/partial authority binding with authenticated own source, or successor evidence explicitly naming the historical failure.	PASS_INDEPENDENT_SOURCE_REVIEW_313_CHECKS
12_transition_tube/v091ib_selector_calibration_cardinality_guard_repair_v001|${PROJECT_ROOT}/12_transition_tube/versions/v091ib_selector_calibration_cardinality_guard_repair_v001/attempt_20261002T063437Z	AUTHORITATIVE	AUTHORITATIVE	POST_COMPLETION_AUTHORITY		${PROJECT_ROOT}/12_transition_tube/versions/v091ib_selector_calibration_cardinality_guard_repair_v001/attempt_20261002T063437Z/STAGE91IB_TERMINAL_DECISION.json	aa1d8cf251081764c0291181d84d5ab79308cba4dd9e1444cb11681b079f1144	SOURCE_BINDING_ONLY	Replace unresolved/partial authority binding with authenticated own source, or successor evidence explicitly naming the historical failure.	PASS_INDEPENDENT_SOURCE_REVIEW_313_CHECKS
12_transition_tube/v091j_train119_post_training_validation_and_applicability_execution_v001|${PROJECT_ROOT}/12_transition_tube/versions/v091j_train119_post_training_validation_and_applicability_execution_v001/attempt_20261002T063825Z	TECHNICAL_FAIL	TECHNICAL_FAIL	POST_COMPLETION_AUTHORITY		${PROJECT_ROOT}/12_transition_tube/versions/v091j_train119_post_training_validation_and_applicability_execution_v001/attempt_20261002T063825Z/STAGE91J_TERMINAL_DECISION.json	f3a166ddd2b810bd11f5853e4fff73494541e81fae7f928d38a184c2c74cf0d7	SOURCE_BINDING_ONLY	Replace unresolved/partial authority binding with authenticated own source, or successor evidence explicitly naming the historical failure.	PASS_INDEPENDENT_SOURCE_REVIEW_313_CHECKS
12_transition_tube/v091k_stage91j_independent_recovery_review_v001|${PROJECT_ROOT}/12_transition_tube/versions/v091k_stage91j_independent_recovery_review_v001/attempt_20261002T063936Z	AUTHORITATIVE	AUTHORITATIVE	POST_COMPLETION_AUTHORITY		${PROJECT_ROOT}/12_transition_tube/versions/v091k_stage91j_independent_recovery_review_v001/attempt_20261002T063936Z/STAGE91K_REVIEW_VERDICT.json	328da71d565fa9e2a04d395d38423f27b828c99e9a25ffad8a4d78fa3610e1c4	SOURCE_BINDING_ONLY	Replace unresolved/partial authority binding with authenticated own source, or successor evidence explicitly naming the historical failure.	PASS_INDEPENDENT_SOURCE_REVIEW_313_CHECKS
12_transition_tube/v091l_stage91j_interpretation_closure_v001|${PROJECT_ROOT}/12_transition_tube/versions/v091l_stage91j_interpretation_closure_v001/attempt_20261002T064004Z	SCIENTIFIC_FAIL	SCIENTIFIC_FAIL	POST_COMPLETION_AUTHORITY		${PROJECT_ROOT}/12_transition_tube/versions/v091l_stage91j_interpretation_closure_v001/attempt_20261002T064004Z/STAGE91L_INTERPRETATION.json	d27fb8289b3b4a02fb6f6ba46db339093dd031bf5b97d112509206b9ce63543f	SOURCE_BINDING_ONLY	Replace unresolved/partial authority binding with authenticated own source, or successor evidence explicitly naming the historical failure.	PASS_INDEPENDENT_SOURCE_REVIEW_313_CHECKS
completion/v028_rng_robustness_v001|${PROJECT_ROOT}/13_completion_20261002/03_SCIENCE_COMPLETION/v028_rng_robustness/v002_execution	AUTHORITATIVE_WITH_CAVEAT	AUTHORITATIVE_WITH_CAVEAT	POST_COMPLETION_AUTHORITY		${PROJECT_ROOT}/13_completion_20261002/03_SCIENCE_COMPLETION/v028_rng_robustness/v002_execution/ROBUSTNESS_SUMMARY.json	71a8c1388b8dfc08f1a0461ff973ceac533d7b5c5f61f585d6927afe2be50ed4	SOURCE_BINDING_ONLY	Replace unresolved/partial authority binding with authenticated own source, or successor evidence explicitly naming the historical failure.	PASS_INDEPENDENT_SOURCE_REVIEW_313_CHECKS
completion/v028_rng_evaluation_order_repair_protocol_v003|${PROJECT_ROOT}/13_completion_20261002/03_SCIENCE_COMPLETION/v028_rng_robustness/v003_evaluation_order_repair_protocol	PROTOCOL_ONLY	PROTOCOL_ONLY	POST_PROMPT2_REPAIR_AUTHORITY		${PROJECT_ROOT}/13_completion_20261002/03_SCIENCE_COMPLETION/v028_rng_robustness/v003_evaluation_order_repair_protocol/PROTOCOL_LOCK.json	85d25b317169b315feb1cd133f483ccafbd750e695ae19815df67a5ff3b06162	SOURCE_BINDING_ONLY	Replace unresolved/partial authority binding with authenticated own source, or successor evidence explicitly naming the historical failure.	PASS_INDEPENDENT_SOURCE_REVIEW_313_CHECKS
completion/v028_rng_evaluation_order_repair_execution_v004|${PROJECT_ROOT}/13_completion_20261002/03_SCIENCE_COMPLETION/v028_rng_robustness/v004_evaluation_order_repair_execution	AUTHORITATIVE_WITH_CAVEAT	AUTHORITATIVE_WITH_CAVEAT	POST_PROMPT2_REPAIR_AUTHORITY		${PROJECT_ROOT}/13_completion_20261002/03_SCIENCE_COMPLETION/v028_rng_robustness/v004_evaluation_order_repair_execution/REPAIR_SUMMARY.json	b032e9af1ed3a0393dcb84ebdd769c1c61ea7b0306950ef6f2c8cc030d337b50	SOURCE_BINDING_ONLY	Replace unresolved/partial authority binding with authenticated own source, or successor evidence explicitly naming the historical failure.	PASS_INDEPENDENT_SOURCE_REVIEW_313_CHECKS
completion/v028_rng_evaluation_order_repair_review_v005|${PROJECT_ROOT}/13_completion_20261002/03_SCIENCE_COMPLETION/v028_rng_robustness/v005_evaluation_order_repair_independent_review	AUTHORITATIVE	AUTHORITATIVE	POST_PROMPT2_REPAIR_AUTHORITY		${PROJECT_ROOT}/13_completion_20261002/03_SCIENCE_COMPLETION/v028_rng_robustness/v005_evaluation_order_repair_independent_review/REVIEW_VERDICT.json	29741e2cca14c766327aefa658bc839636160af13a6e6a153949fddd446b6e38	SOURCE_BINDING_ONLY	Replace unresolved/partial authority binding with authenticated own source, or successor evidence explicitly naming the historical failure.	PASS_INDEPENDENT_SOURCE_REVIEW_313_CHECKS
completion/v028_rng_evaluation_order_repair_closure_v006|${PROJECT_ROOT}/13_completion_20261002/03_SCIENCE_COMPLETION/v028_rng_robustness/v006_evaluation_order_repair_closure	AUTHORITATIVE_WITH_CAVEAT	AUTHORITATIVE_WITH_CAVEAT	POST_PROMPT2_REPAIR_AUTHORITY		${PROJECT_ROOT}/13_completion_20261002/03_SCIENCE_COMPLETION/v028_rng_robustness/v006_evaluation_order_repair_closure/INTERPRETATION_CLOSURE.json	968dc6f8a3abc93808e376bc4bd75b83c4d4fa55a507204d02308810de3c0ff0	SOURCE_BINDING_ONLY	Replace unresolved/partial authority binding with authenticated own source, or successor evidence explicitly naming the historical failure.	PASS_INDEPENDENT_SOURCE_REVIEW_313_CHECKS
